Date,TempMax,TempAvg,TempMin,DewPointMax,DewPointAvg,DewPointMin,HumidityMax,HumidityAvg,HumidityMin,WindSpeedMax,WindSpeedAvg,WindSpeedMin,PressureMax,PressureAvg,PressureMin,PrecipitationTotal
2020-02-29,35.00,31.20,27.00,15.00,8.50,6.00,49.00,39.00,31.00,24.00,16.60,13.00,30.10,29.90,29.80,0.00
2020-03-01,44.00,35.50,26.00,17.00,13.70,10.00,55.00,41.80,30.00,23.00,13.40,6.00,30.10,30.10,30.10,0.00
2020-03-02,56.00,48.20,38.00,38.00,30.50,17.00,73.00,51.10,35.00,16.00,10.30,5.00,30.10,29.90,29.80,0.00
2020-03-03,58.00,52.40,48.00,50.00,44.60,35.00,89.00,75.50,53.00,26.00,10.10,0.00,29.80,29.60,29.40,0.01
2020-03-04,57.00,50.50,46.00,37.00,28.50,19.00,66.00,44.80,24.00,28.00,18.20,12.00,29.90,29.70,29.50,0.28
2020-03-05,52.00,44.80,40.00,34.00,25.40,19.00,71.00,48.50,27.00,24.00,12.90,5.00,30.10,30.10,29.90,0.00
2020-03-06,45.00,41.60,37.00,36.00,34.00,30.00,89.00,74.70,65.00,20.00,13.00,5.00,30.10,29.90,29.80,0.00
2020-03-07,47.00,41.00,37.00,32.00,16.50,5.00,76.00,42.10,18.00,23.00,14.70,8.00,30.40,30.20,29.90,0.14
2020-03-08,60.00,48.00,37.00,21.00,14.80,9.00,41.00,27.50,16.00,14.00,10.20,5.00,30.40,30.40,30.30,0.00
2020-03-09,72.00,59.60,47.00,32.00,23.40,17.00,41.00,26.10,15.00,17.00,11.10,6.00,30.40,30.30,30.20,0.00
2020-03-10,66.00,60.80,55.00,49.00,40.60,30.00,64.00,48.00,35.00,22.00,13.20,6.00,30.20,30.00,29.90,0.00
2020-03-11,55.00,50.10,44.00,38.00,27.70,20.00,66.00,43.60,28.00,20.00,8.50,0.00,30.10,30.10,30.00,0.00
2020-03-12,48.00,44.60,42.00,41.00,37.00,30.00,89.00,75.00,58.00,13.00,9.00,3.00,30.20,30.10,30.10,0.00
2020-03-13,70.00,55.00,43.00,56.00,40.80,14.00,96.00,68.30,15.00,26.00,15.20,5.00,30.10,29.90,29.70,0.17
2020-03-14,55.00,48.80,45.00,25.00,21.70,19.00,42.00,34.70,27.00,24.00,14.50,8.00,30.40,30.30,30.10,0.12
2020-03-15,53.00,46.50,41.00,25.00,18.80,10.00,51.00,34.30,23.00,13.00,9.40,5.00,30.50,30.40,30.30,0.00
2020-03-16,43.00,39.40,34.00,32.00,22.00,9.00,70.00,51.10,32.00,18.00,13.70,10.00,30.60,30.50,30.40,0.00
2020-03-17,55.00,47.90,42.00,43.00,38.40,29.00,89.00,71.10,48.00,18.00,8.40,3.00,30.40,30.20,30.00,0.08
2020-03-18,53.00,47.50,44.00,32.00,26.90,23.00,60.00,45.20,31.00,14.00,9.70,5.00,30.50,30.40,30.30,0.07
2020-03-19,52.00,46.30,42.00,43.00,40.40,33.00,89.00,80.00,68.00,18.00,9.90,3.00,30.30,30.20,30.20,1.00
2020-03-20,77.00,56.40,47.00,56.00,47.10,42.00,93.00,74.10,37.00,21.00,9.40,0.00,30.10,29.90,29.70,0.02
2020-03-21,59.00,47.40,41.00,43.00,21.30,9.00,55.00,37.30,21.00,21.00,13.20,6.00,30.40,30.30,30.00,0.00
2020-03-22,43.00,38.30,35.00,23.00,15.60,9.00,55.00,40.80,27.00,17.00,13.60,6.00,30.70,30.60,30.40,0.00
2020-03-23,42.00,39.20,37.00,39.00,33.70,23.00,89.00,81.20,55.00,20.00,14.80,12.00,30.60,30.20,29.90,0.00
2020-03-24,53.00,44.10,37.00,34.00,32.00,30.00,82.00,63.60,45.00,17.00,10.20,3.00,30.20,30.10,30.00,1.44
2020-03-25,45.00,42.80,41.00,39.00,34.00,31.00,82.00,71.10,65.00,22.00,15.20,8.00,30.10,30.00,30.00,0.00
2020-03-26,58.00,47.40,39.00,40.00,32.50,26.00,71.00,57.50,39.00,15.00,8.50,0.00,30.10,29.90,29.80,0.01
2020-03-27,67.00,57.50,51.00,44.00,34.50,22.00,74.00,46.80,18.00,13.00,6.50,0.00,30.10,29.90,29.70,0.00
2020-03-28,50.00,46.20,45.00,43.00,38.40,28.00,93.00,76.20,46.00,20.00,11.70,3.00,30.10,30.10,30.00,0.00
2020-03-29,47.00,45.50,45.00,45.00,43.20,42.00,93.00,91.80,89.00,25.00,18.40,9.00,30.00,29.90,29.80,0.42
2020-03-30,49.00,45.70,42.00,45.00,40.10,38.00,93.00,80.70,74.00,14.00,7.50,0.00,30.00,29.90,29.90,0.01
2020-03-31,48.00,44.10,41.00,42.00,35.70,32.00,89.00,73.00,54.00,14.00,8.80,3.00,30.10,30.00,29.90,0.14
2020-04-01,55.00,45.50,39.00,32.00,28.30,24.00,70.00,53.20,31.00,18.00,12.00,6.00,29.90,29.80,29.70,0.00
2020-04-02,58.00,49.20,40.00,30.00,28.00,26.00,60.00,44.80,33.00,30.00,19.50,13.00,29.70,29.70,29.60,0.00
2020-04-03,52.00,49.60,46.00,43.00,38.20,31.00,74.00,65.20,48.00,25.00,18.90,10.00,29.80,29.70,29.60,0.00
2020-04-04,60.00,50.90,46.00,42.00,40.10,37.00,86.00,67.50,42.00,17.00,9.00,0.00,30.00,29.90,29.90,0.08
2020-04-05,62.00,52.80,47.00,46.00,43.30,41.00,83.00,71.10,52.00,12.00,6.10,0.00,30.00,30.00,29.90,0.00
2020-04-06,66.00,55.80,48.00,45.00,33.00,22.00,86.00,47.40,21.00,16.00,9.00,5.00,30.10,30.00,29.90,0.06
2020-04-07,65.00,57.40,54.00,43.00,29.90,21.00,62.00,36.90,24.00,20.00,9.60,0.00,30.00,29.80,29.60,0.00
2020-04-08,62.00,53.70,49.00,49.00,45.50,42.00,90.00,74.90,50.00,15.00,7.30,0.00,29.70,29.50,29.40,0.23
2020-04-09,58.00,52.80,48.00,53.00,41.40,23.00,87.00,67.80,35.00,32.00,14.40,0.00,29.60,29.30,29.10,0.00
2020-04-10,49.00,44.20,40.00,32.00,26.40,21.00,73.00,50.90,33.00,32.00,21.60,10.00,29.70,29.40,29.30,0.27
2020-04-11,55.00,47.80,40.00,30.00,18.80,13.00,46.00,32.70,22.00,20.00,14.20,5.00,30.00,29.90,29.70,0.00
2020-04-12,61.00,53.40,44.00,47.00,34.00,23.00,72.00,49.40,25.00,18.00,10.30,0.00,30.20,30.10,30.00,0.00
2020-04-13,68.00,58.40,53.00,60.00,53.10,38.00,94.00,83.60,42.00,32.00,19.30,7.00,30.00,29.70,29.40,0.61
2020-04-14,59.00,52.50,48.00,38.00,29.90,24.00,59.00,43.10,27.00,23.00,12.70,0.00,30.10,30.00,29.90,1.11
2020-04-15,52.00,48.00,43.00,33.00,21.60,8.00,65.00,38.80,17.00,18.00,12.70,5.00,30.00,29.90,29.90,0.00
2020-04-16,48.00,45.60,40.00,29.00,19.50,11.00,58.00,36.80,23.00,24.00,18.50,10.00,30.20,30.10,29.90,0.00
2020-04-17,50.00,43.90,39.00,38.00,22.00,13.00,79.00,44.80,23.00,17.00,10.90,0.00,30.30,30.20,29.90,0.00
2020-04-18,47.00,44.30,42.00,42.00,36.90,24.00,90.00,76.50,44.00,18.00,11.10,3.00,29.90,29.80,29.70,0.18
2020-04-19,61.00,52.70,42.00,32.00,27.40,24.00,51.00,38.60,30.00,18.00,12.40,5.00,29.90,29.80,29.70,0.08
2020-04-20,57.00,52.70,50.00,38.00,29.80,21.00,59.00,42.70,28.00,13.00,7.10,0.00,29.70,29.60,29.60,0.00
2020-04-21,58.00,50.80,41.00,48.00,38.20,26.00,80.00,63.10,36.00,32.00,15.70,6.00,29.70,29.50,29.40,0.00
2020-04-22,51.00,44.30,38.00,23.00,15.50,10.00,49.00,32.40,21.00,29.00,18.80,7.00,30.00,29.80,29.70,0.33
2020-04-23,49.00,45.10,42.00,33.00,21.40,16.00,63.00,39.50,32.00,13.00,7.60,5.00,30.10,30.00,29.90,0.00
2020-04-24,50.00,47.00,43.00,46.00,42.50,37.00,90.00,84.50,76.00,21.00,12.20,3.00,29.90,29.80,29.60,0.41
2020-04-25,63.00,53.20,44.00,45.00,37.00,21.00,86.00,58.50,23.00,14.00,5.40,0.00,30.10,30.00,29.90,0.20
2020-04-26,50.00,47.60,44.00,45.00,41.60,36.00,90.00,80.40,61.00,30.00,16.20,5.00,30.10,29.80,29.70,0.00
2020-04-27,49.00,45.00,41.00,39.00,36.00,34.00,86.00,71.30,59.00,18.00,14.10,9.00,30.10,29.90,29.80,0.07
2020-04-28,65.00,52.30,44.00,42.00,34.00,22.00,71.00,53.10,19.00,13.00,9.40,3.00,30.10,30.10,30.00,0.00
2020-04-29,57.00,50.00,46.00,45.00,42.70,40.00,87.00,76.60,57.00,18.00,12.10,5.00,30.20,30.20,30.10,0.00
2020-04-30,62.00,55.20,49.00,55.00,50.30,42.00,90.00,83.70,69.00,29.00,17.80,8.00,30.20,30.00,29.80,0.23
2020-05-01,66.00,58.10,55.00,56.00,52.00,45.00,93.00,81.10,54.00,18.00,8.50,0.00,29.70,29.70,29.60,0.73
2020-05-02,72.00,63.60,53.00,45.00,36.30,32.00,62.00,38.70,23.00,17.00,11.80,7.00,30.00,29.90,29.80,0.14
2020-05-03,80.00,68.70,55.00,53.00,46.60,37.00,84.00,48.70,25.00,17.00,9.80,6.00,29.90,29.70,29.60,0.03
2020-05-04,71.00,62.50,51.00,55.00,38.80,32.00,58.00,42.30,28.00,31.00,14.90,3.00,29.90,29.70,29.60,0.00
2020-05-05,63.00,54.70,47.00,38.00,23.80,13.00,55.00,33.60,14.00,20.00,11.10,3.00,29.90,29.90,29.80,0.00
2020-05-06,52.00,49.40,47.00,43.00,39.30,34.00,77.00,68.30,54.00,21.00,10.00,0.00,29.90,29.80,29.80,0.00
2020-05-07,67.00,57.80,49.00,39.00,28.00,16.00,69.00,37.40,14.00,16.00,10.00,3.00,29.80,29.70,29.70,0.03
2020-05-08,58.00,48.80,44.00,42.00,33.90,21.00,86.00,59.90,32.00,22.00,9.10,0.00,29.90,29.70,29.60,0.00
2020-05-09,48.00,41.40,36.00,35.00,24.10,16.00,87.00,53.20,28.00,30.00,22.20,15.00,30.10,29.80,29.60,0.41
2020-05-10,65.00,53.70,42.00,29.00,22.70,19.00,45.00,31.40,19.00,22.00,15.50,9.00,30.10,30.00,29.90,0.00
2020-05-11,59.00,53.70,47.00,45.00,38.40,31.00,74.00,57.00,39.00,33.00,13.60,3.00,29.90,29.80,29.80,0.00
2020-05-12,59.00,52.00,45.00,33.00,24.30,13.00,63.00,37.70,16.00,28.00,17.10,9.00,30.10,30.00,29.90,0.10
2020-05-13,63.00,52.20,43.00,41.00,27.50,17.00,64.00,40.90,21.00,18.00,10.80,0.00,30.30,30.20,30.20,0.00
2020-05-14,65.00,58.60,49.00,49.00,36.80,21.00,77.00,47.10,19.00,17.00,8.70,0.00,30.30,30.20,30.00,0.00
2020-05-15,85.00,73.40,59.00,59.00,55.10,49.00,83.00,55.00,34.00,21.00,11.20,0.00,30.00,29.90,29.80,0.01
2020-05-16,76.00,69.50,63.00,61.00,50.70,42.00,75.00,53.00,30.00,15.00,10.90,5.00,30.20,30.00,29.80,0.03
2020-05-17,68.00,59.50,55.00,48.00,43.40,38.00,72.00,56.70,37.00,17.00,9.90,5.00,30.30,30.20,30.20,0.00
2020-05-18,66.00,59.30,55.00,50.00,46.50,43.00,75.00,63.10,45.00,15.00,10.10,3.00,30.20,30.10,30.10,0.00
2020-05-19,68.00,60.20,55.00,50.00,36.30,28.00,80.00,43.80,22.00,25.00,16.70,8.00,30.40,30.20,30.10,0.00
2020-05-20,64.00,56.50,51.00,38.00,34.20,26.00,57.00,44.40,25.00,18.00,12.70,6.00,30.40,30.40,30.30,0.00
2020-05-21,66.00,55.60,48.00,49.00,43.10,36.00,77.00,63.70,43.00,16.00,7.30,0.00,30.40,30.40,30.30,0.00
2020-05-22,76.00,65.70,56.00,63.00,56.40,49.00,88.00,73.40,46.00,17.00,6.90,0.00,30.20,30.10,30.00,0.00
2020-05-23,66.00,62.10,57.00,63.00,58.00,41.00,94.00,86.90,55.00,23.00,8.60,0.00,30.10,30.00,29.90,0.01
2020-05-24,68.00,59.50,52.00,52.00,46.50,38.00,78.00,62.30,53.00,21.00,12.10,3.00,30.30,30.20,30.20,0.33
2020-05-25,66.00,59.90,56.00,56.00,53.90,52.00,90.00,81.00,68.00,16.00,9.60,3.00,30.20,30.20,30.10,0.01
2020-05-26,76.00,63.30,58.00,60.00,56.80,55.00,93.00,80.50,56.00,13.00,6.40,3.00,30.20,30.20,30.10,0.00
2020-05-27,78.00,65.50,60.00,62.00,59.00,57.00,93.00,80.50,56.00,16.00,7.20,0.00,30.20,30.20,30.20,0.00
2020-05-28,76.00,68.00,63.00,66.00,63.20,60.00,94.00,84.40,69.00,22.00,10.20,0.00,30.20,30.10,30.00,0.00
2020-05-29,81.00,71.40,65.00,67.00,64.20,61.00,94.00,78.80,58.00,21.00,9.90,6.00,30.00,29.90,29.90,0.00
2020-05-30,83.00,73.70,66.00,64.00,53.70,41.00,87.00,54.40,23.00,18.00,11.10,0.00,29.90,29.90,29.80,0.01
2020-05-31,70.00,64.50,59.00,48.00,36.90,32.00,51.00,37.00,26.00,23.00,15.80,9.00,30.20,30.00,29.90,0.00
2020-06-01,72.00,62.80,54.00,42.00,35.20,31.00,49.00,36.60,22.00,17.00,10.40,0.00,30.20,30.10,30.00,0.00
2020-06-02,75.00,69.50,63.00,45.00,40.70,37.00,48.00,35.50,25.00,17.00,8.30,0.00,30.10,29.90,29.80,0.00
2020-06-03,82.00,72.40,63.00,66.00,59.80,45.00,84.00,65.70,41.00,14.00,9.20,0.00,29.80,29.60,29.60,0.07
2020-06-04,88.00,77.30,69.00,66.00,59.80,49.00,81.00,57.00,26.00,15.00,6.90,0.00,29.90,29.80,29.70,0.12
2020-06-05,82.00,74.20,69.00,68.00,66.30,63.00,90.00,76.60,58.00,14.00,8.60,5.00,29.90,29.90,29.80,0.31
2020-06-06,89.00,78.20,70.00,69.00,61.90,42.00,91.00,62.00,22.00,26.00,8.20,0.00,29.80,29.70,29.60,0.11
2020-06-07,77.00,71.40,65.00,49.00,45.30,40.00,56.00,40.30,27.00,20.00,11.40,5.00,30.00,29.90,29.80,0.10
2020-06-08,80.00,72.00,64.00,52.00,44.90,38.00,52.00,39.00,25.00,12.00,7.20,0.00,30.00,30.00,29.90,0.00
2020-06-09,91.00,81.20,69.00,60.00,52.10,45.00,53.00,37.00,28.00,15.00,8.40,0.00,30.00,29.90,29.80,0.00
2020-06-10,84.00,75.50,69.00,68.00,62.00,57.00,78.00,63.30,50.00,20.00,12.40,6.00,30.00,29.90,29.90,0.00
2020-06-11,81.00,74.00,70.00,69.00,65.90,63.00,85.00,76.20,60.00,15.00,11.10,5.00,30.00,30.00,29.90,0.00
2020-06-12,86.00,78.70,70.00,69.00,52.30,41.00,85.00,44.20,21.00,16.00,8.30,0.00,30.10,30.00,30.00,0.05
2020-06-13,76.00,68.70,62.00,50.00,42.50,38.00,56.00,39.70,26.00,15.00,10.70,5.00,30.30,30.10,30.00,0.00
2020-06-14,75.00,65.00,55.00,49.00,42.10,37.00,56.00,43.90,29.00,14.00,8.90,6.00,30.40,30.30,30.30,0.00
2020-06-15,76.00,67.90,62.00,53.00,48.70,41.00,67.00,51.80,29.00,17.00,8.70,3.00,30.40,30.40,30.30,0.00
2020-06-16,79.00,70.60,63.00,54.00,49.20,41.00,68.00,49.00,28.00,15.00,8.30,0.00,30.40,30.30,30.30,0.00
2020-06-17,78.00,69.70,63.00,62.00,57.30,49.00,84.00,66.10,41.00,17.00,9.80,5.00,30.30,30.20,30.20,0.00
2020-06-18,77.00,69.80,66.00,66.00,63.00,61.00,88.00,79.30,64.00,13.00,7.50,3.00,30.20,30.10,30.10,0.00
2020-06-19,85.00,73.60,68.00,64.00,62.70,58.00,88.00,70.70,41.00,20.00,7.30,0.00,30.10,30.10,30.00,0.00
2020-06-20,87.00,78.80,73.00,66.00,63.40,62.00,71.00,59.70,43.00,17.00,7.10,0.00,30.10,30.00,30.00,0.00
2020-06-21,88.00,79.60,74.00,66.00,63.40,59.00,73.00,58.70,39.00,14.00,7.00,0.00,30.00,30.00,29.90,0.00
2020-06-22,93.00,82.60,76.00,66.00,63.80,58.00,69.00,54.50,31.00,18.00,7.90,0.00,29.90,29.90,29.80,0.00
2020-06-23,87.00,80.80,76.00,69.00,65.70,64.00,79.00,60.80,46.00,18.00,11.00,0.00,29.80,29.80,29.70,0.00
2020-06-24,88.00,81.90,76.00,69.00,58.20,48.00,79.00,48.10,27.00,18.00,11.20,5.00,29.80,29.70,29.60,0.00
2020-06-25,88.00,80.20,74.00,60.00,52.50,46.00,56.00,39.30,24.00,21.00,8.90,5.00,30.00,29.90,29.80,0.00
2020-06-26,89.00,81.10,73.00,62.00,53.80,45.00,68.00,42.00,23.00,17.00,9.10,0.00,29.90,29.90,29.90,0.00
2020-06-27,82.00,79.60,76.00,69.00,62.20,54.00,76.00,56.20,38.00,16.00,6.20,0.00,29.90,29.80,29.70,0.00
2020-06-28,91.00,81.80,73.00,70.00,66.50,62.00,84.00,61.40,38.00,17.00,6.10,0.00,29.70,29.70,29.60,0.25
2020-06-29,89.00,78.50,73.00,68.00,63.00,58.00,76.00,60.70,35.00,16.00,9.20,5.00,29.90,29.80,29.70,0.02
2020-06-30,79.00,73.90,70.00,64.00,61.80,60.00,76.00,66.30,54.00,15.00,7.20,0.00,29.90,29.90,29.80,0.07
2020-07-01,83.00,75.80,69.00,66.00,62.90,59.00,87.00,65.30,44.00,17.00,7.10,0.00,29.90,29.80,29.80,0.00
2020-07-02,94.00,82.00,70.00,64.00,61.10,56.00,78.00,51.80,28.00,13.00,5.70,0.00,29.80,29.80,29.70,0.00
2020-07-03,92.00,79.80,72.00,72.00,66.70,62.00,88.00,66.20,38.00,17.00,8.80,3.00,29.90,29.80,29.80,0.00
2020-07-04,86.00,75.10,70.00,67.00,63.90,58.00,87.00,69.70,38.00,13.00,9.10,3.00,29.90,29.90,29.90,0.36
2020-07-05,95.00,82.50,74.00,69.00,64.00,46.00,76.00,56.90,19.00,15.00,7.80,3.00,29.90,29.90,29.90,0.00
2020-07-06,95.00,82.30,74.00,70.00,63.40,57.00,78.00,56.30,29.00,21.00,8.80,0.00,30.10,30.00,29.90,0.00
2020-07-07,81.00,76.00,73.00,71.00,67.50,65.00,85.00,75.00,67.00,15.00,10.10,6.00,30.10,30.10,30.00,0.05
2020-07-08,87.00,81.60,78.00,72.00,69.60,66.00,79.00,67.40,53.00,15.00,8.80,0.00,30.00,30.00,29.90,0.00
2020-07-09,90.00,83.20,78.00,71.00,68.00,60.00,77.00,61.60,37.00,14.00,8.20,5.00,30.00,30.00,29.90,0.01
2020-07-10,79.00,75.80,73.00,73.00,71.30,70.00,94.00,86.00,77.00,26.00,16.30,6.00,30.00,29.80,29.60,0.00
2020-07-11,87.00,80.50,75.00,73.00,70.80,67.00,87.00,72.90,61.00,20.00,12.10,0.00,29.70,29.60,29.60,2.47
2020-07-12,92.00,83.30,76.00,67.00,61.30,54.00,64.00,49.10,27.00,21.00,11.50,5.00,29.80,29.70,29.60,0.04
2020-07-13,89.00,82.90,76.00,65.00,60.70,54.00,69.00,48.50,30.00,15.00,8.80,3.00,29.80,29.80,29.70,0.05
2020-07-14,87.00,80.30,74.00,64.00,59.20,56.00,62.00,49.60,35.00,21.00,10.20,0.00,30.00,29.90,29.80,0.00
2020-07-15,82.00,75.50,72.00,66.00,63.50,61.00,81.00,66.90,52.00,15.00,9.90,5.00,30.20,30.10,30.00,0.00
2020-07-16,79.00,74.40,71.00,63.00,59.10,55.00,69.00,59.20,47.00,15.00,10.30,7.00,30.30,30.30,30.20,0.00
2020-07-17,86.00,77.60,71.00,73.00,67.10,58.00,85.00,70.60,59.00,14.00,8.70,5.00,30.20,30.10,30.00,0.02
2020-07-18,94.00,82.70,74.00,70.00,64.50,51.00,87.00,58.70,24.00,13.00,6.10,0.00,30.10,30.00,29.90,0.02
2020-07-19,96.00,87.70,80.00,73.00,67.40,62.00,67.00,51.80,36.00,18.00,10.40,0.00,30.00,29.90,29.80,0.00
2020-07-20,95.00,89.40,84.00,74.00,67.80,61.00,69.00,50.50,33.00,16.00,9.00,3.00,29.90,29.80,29.80,0.00
2020-07-21,93.00,86.00,79.00,66.00,62.40,57.00,60.00,45.90,30.00,16.00,7.90,3.00,30.00,30.00,29.90,0.00
2020-07-22,94.00,82.40,75.00,74.00,70.70,68.00,83.00,68.50,46.00,36.00,9.20,0.00,30.00,30.00,29.90,0.05
2020-07-23,91.00,82.60,76.00,73.00,69.90,68.00,79.00,66.30,48.00,15.00,9.90,5.00,30.00,30.00,29.90,0.79
2020-07-24,83.00,77.70,75.00,70.00,68.80,66.00,82.00,74.40,60.00,15.00,7.40,3.00,30.10,30.00,30.00,0.05
2020-07-25,91.00,83.00,74.00,71.00,68.20,60.00,87.00,63.00,36.00,15.00,6.00,0.00,30.10,30.00,30.00,0.26
2020-07-26,95.00,88.10,80.00,72.00,63.50,54.00,74.00,47.30,27.00,18.00,9.70,5.00,30.00,29.90,29.90,0.00
2020-07-27,97.00,90.20,82.00,68.00,62.40,58.00,51.00,40.00,27.00,17.00,11.10,3.00,29.90,29.80,29.70,0.00
2020-07-28,96.00,88.50,84.00,70.00,67.20,64.00,59.00,49.60,36.00,16.00,10.90,0.00,29.90,29.80,29.70,0.00
2020-07-29,90.00,84.50,79.00,72.00,67.40,63.00,67.00,56.70,46.00,18.00,8.30,0.00,29.90,29.90,29.80,0.00
2020-07-30,95.00,86.80,81.00,66.00,61.60,58.00,58.00,43.80,29.00,15.00,7.10,0.00,29.90,29.80,29.80,0.00
2020-07-31,84.00,76.80,72.00,69.00,66.80,60.00,87.00,72.30,46.00,24.00,6.20,0.00,29.90,29.80,29.80,0.57
2020-08-01,89.00,81.40,74.00,71.00,64.90,58.00,85.00,58.90,36.00,15.00,7.70,0.00,29.90,29.90,29.80,0.00
2020-08-02,90.00,83.70,77.00,75.00,72.60,69.00,82.00,69.50,59.00,24.00,14.00,6.00,29.90,29.90,29.80,0.00
2020-08-03,92.00,83.50,74.00,73.00,65.00,59.00,79.00,55.40,33.00,37.00,13.00,3.00,30.10,30.00,29.90,0.00
2020-08-04,82.00,78.10,74.00,75.00,69.30,62.00,88.00,75.30,52.00,53.00,16.40,0.00,30.00,29.80,29.40,0.53
2020-08-05,89.00,82.80,77.00,69.00,62.20,55.00,74.00,52.20,31.00,15.00,8.70,0.00,30.00,30.00,29.90,0.27
2020-08-06,82.00,77.70,74.00,65.00,60.30,54.00,73.00,55.60,42.00,10.00,6.30,0.00,30.10,30.10,30.00,0.00
2020-08-07,79.00,74.90,71.00,68.00,64.90,59.00,84.00,71.30,56.00,16.00,8.30,0.00,30.10,30.10,30.10,0.22
2020-08-08,85.00,76.60,72.00,68.00,66.80,65.00,84.00,72.00,51.00,12.00,5.80,0.00,30.10,30.10,30.10,0.22
2020-08-09,88.00,81.00,75.00,71.00,68.00,62.00,82.00,65.80,43.00,18.00,8.50,0.00,30.10,30.10,30.00,0.00
2020-08-10,94.00,85.40,79.00,73.00,69.50,60.00,79.00,60.40,32.00,18.00,8.60,0.00,30.00,30.00,29.90,0.00
2020-08-11,88.00,83.70,80.00,73.00,71.60,65.00,79.00,67.50,46.00,16.00,9.70,3.00,30.00,29.90,29.90,0.00
2020-08-12,90.00,82.60,78.00,75.00,72.50,68.00,81.00,71.80,52.00,23.00,7.00,0.00,30.00,30.00,29.90,0.00
2020-08-13,82.00,77.80,76.00,72.00,69.10,63.00,85.00,74.90,58.00,10.00,6.10,0.00,30.10,30.10,30.00,1.49
2020-08-14,88.00,79.90,74.00,71.00,66.30,58.00,85.00,64.70,37.00,15.00,8.60,3.00,30.00,30.00,29.90,0.11
2020-08-15,85.00,77.50,74.00,67.00,59.70,56.00,74.00,54.80,40.00,18.00,11.70,5.00,30.00,30.00,29.90,0.00
2020-08-16,73.00,70.60,69.00,65.00,62.60,58.00,84.00,75.50,65.00,23.00,14.70,10.00,30.00,29.90,29.90,0.03
2020-08-17,82.00,72.80,69.00,66.00,61.60,59.00,84.00,68.70,47.00,17.00,8.30,0.00,29.90,29.90,29.80,0.10
2020-08-18,85.00,76.30,67.00,66.00,59.90,53.00,81.00,59.40,34.00,20.00,7.50,0.00,29.90,29.80,29.80,0.97
2020-08-19,78.00,72.50,70.00,66.00,61.90,59.00,78.00,69.50,58.00,12.00,5.90,0.00,30.00,29.90,29.90,0.01
2020-08-20,83.00,74.40,68.00,61.00,53.30,41.00,70.00,49.60,23.00,13.00,6.90,0.00,30.10,30.00,29.90,0.13
2020-08-21,87.00,79.10,72.00,67.00,62.10,58.00,71.00,56.70,40.00,16.00,10.70,5.00,30.00,29.90,29.90,0.00
2020-08-22,91.00,83.50,77.00,68.00,65.70,61.00,71.00,56.00,36.00,14.00,8.40,0.00,30.00,29.90,29.90,0.00
2020-08-23,86.00,81.50,77.00,72.00,68.00,65.00,74.00,64.00,51.00,14.00,7.10,0.00,30.00,30.00,30.00,0.00
2020-08-24,93.00,85.00,78.00,71.00,67.10,62.00,76.00,56.60,36.00,15.00,8.10,3.00,30.00,29.90,29.90,0.00
2020-08-25,92.00,82.80,71.00,69.00,63.90,56.00,78.00,53.60,38.00,41.00,11.10,3.00,29.90,29.80,29.70,0.00
2020-08-26,79.00,74.90,70.00,57.00,51.80,46.00,57.00,45.10,31.00,20.00,13.40,5.00,29.90,29.90,29.80,0.36
2020-08-27,94.00,80.80,72.00,68.00,63.30,55.00,76.00,56.10,40.00,30.00,9.90,0.00,29.90,29.70,29.60,0.05
2020-08-28,89.00,80.00,76.00,70.00,64.80,60.00,74.00,60.80,38.00,15.00,9.50,6.00,29.80,29.80,29.70,0.38
2020-08-29,83.00,78.00,75.00,72.00,69.50,65.00,84.00,75.40,62.00,21.00,9.90,3.00,29.70,29.60,29.40,0.02
2020-08-30,81.00,75.30,71.00,64.00,53.80,50.00,62.00,47.80,36.00,25.00,14.80,9.00,29.90,29.70,29.50,0.01
2020-08-31,76.00,72.10,67.00,61.00,55.90,51.00,65.00,57.10,42.00,10.00,7.50,5.00,30.10,30.10,29.90,0.00
2020-09-01,80.00,72.50,68.00,66.00,63.00,59.00,90.00,72.70,48.00,15.00,8.70,0.00,30.10,30.10,30.10,0.18
2020-09-02,81.00,74.80,70.00,72.00,68.80,65.00,91.00,81.80,69.00,14.00,8.00,6.00,30.10,29.90,29.80,0.00
2020-09-03,88.00,78.60,75.00,73.00,66.00,54.00,89.00,68.70,35.00,16.00,6.60,0.00,29.80,29.80,29.70,0.04
2020-09-04,87.00,79.30,74.00,71.00,61.20,51.00,85.00,56.70,33.00,15.00,9.00,0.00,30.00,29.90,29.70,1.16
2020-09-05,81.00,74.60,69.00,56.00,49.00,38.00,57.00,42.10,23.00,13.00,8.00,3.00,30.20,30.10,30.00,0.00
2020-09-06,84.00,76.30,70.00,61.00,55.80,52.00,62.00,49.70,34.00,17.00,8.70,0.00,30.20,30.10,30.10,0.00
2020-09-07,80.00,75.10,71.00,63.00,60.20,55.00,70.00,60.30,42.00,17.00,8.70,0.00,30.10,30.10,30.00,0.00
2020-09-08,84.00,76.00,71.00,67.00,63.70,57.00,81.00,66.40,45.00,12.00,6.90,0.00,30.20,30.10,30.10,0.00
2020-09-09,80.00,75.70,72.00,69.00,66.70,65.00,81.00,73.90,60.00,9.00,6.40,0.00,30.30,30.30,30.20,0.00
2020-09-10,85.00,77.30,75.00,75.00,71.50,70.00,91.00,82.60,63.00,13.00,6.40,0.00,30.30,30.20,30.10,0.53
2020-09-11,78.00,74.20,68.00,72.00,60.60,51.00,87.00,63.50,46.00,15.00,9.10,0.00,30.20,30.10,30.10,0.96
2020-09-12,73.00,67.30,63.00,57.00,53.60,48.00,73.00,62.10,47.00,16.00,11.10,7.00,30.30,30.30,30.20,0.00
2020-09-13,77.00,71.20,64.00,64.00,60.00,52.00,79.00,68.00,58.00,17.00,9.50,3.00,30.20,30.10,30.00,0.00
2020-09-14,77.00,72.80,64.00,65.00,54.10,43.00,71.00,53.20,39.00,21.00,13.40,6.00,30.20,30.10,30.00,0.00
2020-09-15,67.00,61.40,55.00,47.00,43.00,40.00,57.00,51.20,42.00,17.00,9.50,3.00,30.30,30.30,30.20,0.00
2020-09-16,72.00,67.00,60.00,56.00,51.40,47.00,67.00,57.50,48.00,15.00,8.30,3.00,30.30,30.20,30.10,0.00
2020-09-17,77.00,71.80,67.00,65.00,60.50,56.00,78.00,68.00,54.00,12.00,6.70,3.00,30.10,30.00,29.90,0.00
2020-09-18,72.00,66.50,59.00,66.00,51.10,34.00,81.00,59.20,35.00,20.00,13.50,8.00,30.10,29.90,29.90,0.00
2020-09-19,65.00,58.30,51.00,34.00,30.20,26.00,50.00,35.40,25.00,20.00,12.00,6.00,30.40,30.30,30.20,0.00
2020-09-20,64.00,58.70,52.00,36.00,31.70,26.00,51.00,37.00,25.00,21.00,12.50,7.00,30.50,30.50,30.40,0.00
2020-09-21,65.00,59.50,52.00,39.00,34.70,31.00,55.00,40.50,28.00,16.00,8.70,5.00,30.60,30.50,30.30,0.00
2020-09-22,74.00,63.70,55.00,42.00,37.40,34.00,62.00,39.20,25.00,18.00,11.60,6.00,30.30,30.10,29.90,0.00
2020-09-23,80.00,71.50,62.00,55.00,48.00,40.00,52.00,43.60,36.00,18.00,10.80,0.00,29.90,29.80,29.80,0.00
2020-09-24,77.00,72.10,66.00,56.00,52.00,49.00,63.00,50.00,37.00,12.00,5.80,0.00,30.00,29.90,29.90,0.00
2020-09-25,80.00,70.50,65.00,63.00,58.60,54.00,78.00,67.00,43.00,13.00,5.10,0.00,30.10,30.10,30.00,0.00
2020-09-26,77.00,71.50,67.00,65.00,61.70,56.00,87.00,71.90,50.00,15.00,7.40,0.00,30.10,30.10,30.00,0.00
2020-09-27,78.00,73.40,70.00,69.00,65.70,64.00,87.00,77.20,64.00,12.00,7.10,0.00,30.00,29.90,29.90,0.00
2020-09-28,78.00,72.90,71.00,68.00,65.60,63.00,90.00,78.30,60.00,18.00,11.60,7.00,29.90,29.90,29.90,0.04
2020-09-29,74.00,72.10,69.00,70.00,67.20,64.00,88.00,84.20,76.00,22.00,11.30,6.00,29.90,29.80,29.60,0.00
2020-09-30,73.00,67.70,63.00,70.00,54.60,43.00,91.00,65.80,36.00,24.00,15.40,3.00,29.90,29.60,29.50,1.19
2020-10-01,74.00,67.80,62.00,53.00,48.30,41.00,72.00,51.10,31.00,14.00,9.40,5.00,29.90,29.90,29.80,0.00
2020-10-02,67.00,62.40,58.00,49.00,44.80,39.00,72.00,53.90,38.00,14.00,9.20,0.00,30.10,30.00,29.90,0.02
2020-10-03,68.00,61.50,55.00,44.00,41.20,36.00,67.00,48.70,31.00,12.00,7.50,3.00,30.20,30.10,30.10,0.01
2020-10-04,67.00,60.70,53.00,49.00,45.50,41.00,72.00,57.90,44.00,14.00,8.30,3.00,30.30,30.20,30.10,0.00
2020-10-05,68.00,62.50,56.00,54.00,49.60,46.00,75.00,63.30,47.00,10.00,7.10,3.00,30.10,30.10,30.00,0.00
2020-10-06,70.00,64.80,59.00,55.00,48.50,42.00,81.00,57.70,36.00,15.00,7.60,0.00,30.10,30.10,29.90,0.00
2020-10-07,77.00,67.60,62.00,54.00,49.60,43.00,75.00,54.20,34.00,21.00,14.50,7.00,29.90,29.70,29.50,0.00
2020-10-08,64.00,60.30,57.00,43.00,39.70,36.00,57.00,46.80,37.00,22.00,14.90,8.00,30.10,29.90,29.80,0.02
2020-10-09,70.00,62.60,55.00,47.00,40.60,37.00,55.00,44.90,35.00,14.00,6.70,0.00,30.20,30.10,30.10,0.00
2020-10-10,73.00,66.90,60.00,60.00,53.60,44.00,75.00,62.50,50.00,16.00,12.10,8.00,30.10,30.00,29.90,0.00
2020-10-11,69.00,65.60,61.00,60.00,52.30,46.00,79.00,62.50,50.00,17.00,10.70,6.00,30.20,30.10,29.90,0.00
2020-10-12,59.00,54.80,52.00,55.00,50.40,45.00,94.00,85.00,69.00,25.00,18.90,14.00,30.20,30.10,30.00,0.19
2020-10-13,61.00,57.80,55.00,56.00,53.80,52.00,94.00,86.60,77.00,25.00,14.90,8.00,30.00,29.90,29.80,0.90
2020-10-14,71.00,62.20,55.00,50.00,43.10,40.00,75.00,51.30,34.00,15.00,9.10,3.00,30.00,29.90,29.90,0.13
2020-10-15,73.00,65.20,58.00,58.00,53.20,46.00,78.00,65.50,51.00,25.00,11.80,5.00,30.00,30.00,29.90,0.00
2020-10-16,66.00,58.40,51.00,61.00,52.50,44.00,90.00,81.00,63.00,18.00,10.00,6.00,30.10,30.00,29.90,0.00
2020-10-17,61.00,54.50,49.00,45.00,34.10,26.00,83.00,49.50,27.00,18.00,7.90,0.00,30.40,30.30,30.10,1.46
2020-10-18,64.00,57.10,50.00,46.00,42.60,37.00,77.00,59.50,43.00,15.00,6.30,0.00,30.50,30.40,30.40,0.00
2020-10-19,67.00,60.50,54.00,54.00,50.40,46.00,84.00,70.00,50.00,14.00,5.80,0.00,30.40,30.30,30.30,0.00
2020-10-20,72.00,64.30,60.00,63.00,59.00,54.00,94.00,83.00,68.00,12.00,5.00,0.00,30.20,30.20,30.20,0.01
2020-10-21,71.00,65.30,62.00,64.00,61.20,59.00,94.00,86.90,73.00,12.00,5.80,0.00,30.30,30.20,30.20,0.00
2020-10-22,69.00,66.90,65.00,63.00,62.30,62.00,90.00,85.20,78.00,7.00,3.30,0.00,30.20,30.20,30.20,0.00
2020-10-23,70.00,65.70,64.00,62.00,60.40,57.00,93.00,83.30,71.00,10.00,6.40,3.00,30.20,30.10,30.00,0.00
2020-10-24,70.00,63.90,52.00,59.00,53.50,37.00,80.00,69.50,51.00,20.00,9.90,6.00,30.10,29.90,29.90,0.00
2020-10-25,54.00,50.80,47.00,47.00,36.20,32.00,83.00,58.00,45.00,16.00,10.90,5.00,30.30,30.20,30.10,0.00
2020-10-26,59.00,56.40,53.00,57.00,52.70,46.00,94.00,87.60,75.00,16.00,7.80,0.00,30.20,30.10,30.10,0.02
2020-10-27,60.00,57.20,54.00,58.00,48.80,41.00,97.00,75.10,55.00,15.00,7.60,0.00,30.20,30.10,30.10,0.03
2020-10-28,59.00,55.50,53.00,55.00,49.30,41.00,97.00,80.40,57.00,10.00,6.20,0.00,30.10,30.00,29.90,0.05
2020-10-29,58.00,51.50,47.00,49.00,46.50,43.00,92.00,83.40,64.00,26.00,15.30,3.00,29.90,29.70,29.50,0.11
2020-10-30,46.00,41.50,39.00,43.00,36.30,32.00,90.00,81.80,70.00,22.00,14.50,0.00,30.30,29.90,29.60,1.99
2020-10-31,47.00,41.90,35.00,31.00,27.80,22.00,78.00,58.80,40.00,13.00,6.00,0.00,30.50,30.40,30.30,0.22
2020-11-01,56.00,52.10,45.00,52.00,40.80,30.00,89.00,66.60,50.00,28.00,14.40,5.00,30.30,29.90,29.60,0.00
2020-11-02,46.00,43.30,40.00,29.00,21.50,15.00,55.00,42.80,30.00,33.00,21.50,14.00,29.90,29.80,29.70,0.43
2020-11-03,55.00,48.70,42.00,33.00,27.10,19.00,56.00,43.50,37.00,24.00,15.80,7.00,30.30,30.00,29.80,0.00
2020-11-04,63.00,53.30,42.00,46.00,36.60,27.00,67.00,53.90,32.00,13.00,8.40,0.00,30.40,30.40,30.30,0.00
2020-11-05,70.00,59.50,52.00,54.00,49.20,42.00,90.00,70.30,36.00,14.00,7.80,0.00,30.40,30.40,30.30,0.00
2020-11-06,72.00,63.30,57.00,51.00,47.40,43.00,78.00,58.00,35.00,13.00,7.00,0.00,30.30,30.20,30.20,0.00
2020-11-07,76.00,66.60,57.00,45.00,43.00,41.00,62.00,43.90,29.00,10.00,3.80,0.00,30.30,30.20,30.20,0.00
2020-11-08,77.00,68.40,61.00,56.00,49.00,39.00,78.00,54.20,25.00,12.00,5.40,0.00,30.30,30.20,30.20,0.00
2020-11-09,77.00,68.40,61.00,56.00,49.00,39.00,78.00,54.20,25.00,12.00,5.40,0.00,30.30,30.20,30.20,0.00
2020-11-10,75.00,66.50,59.00,59.00,56.10,54.00,83.00,70.00,53.00,14.00,8.50,5.00,30.20,30.10,30.10,0.00
2020-11-11,70.00,66.20,62.00,64.00,61.70,57.00,90.00,85.60,78.00,12.00,6.80,0.00,30.10,30.00,29.90,0.00
2020-11-12,69.00,58.70,48.00,66.00,52.30,39.00,93.00,79.40,63.00,20.00,9.70,0.00,30.10,29.90,29.90,0.77
2020-11-13,52.00,49.80,48.00,48.00,44.50,38.00,93.00,82.50,61.00,14.00,9.50,5.00,30.00,30.00,29.90,0.18
2020-11-14,53.00,49.80,45.00,37.00,30.20,26.00,61.00,47.50,37.00,20.00,12.50,8.00,30.20,30.10,30.00,0.12
2020-11-15,64.00,54.40,42.00,56.00,41.70,29.00,78.00,62.70,44.00,46.00,18.40,6.00,30.30,29.90,29.60,0.00
2020-11-16,56.00,52.20,49.00,30.00,26.00,21.00,46.00,36.50,28.00,24.00,15.10,6.00,30.00,29.90,29.80,0.13
2020-11-17,50.00,46.20,39.00,33.00,24.80,20.00,59.00,44.00,34.00,25.00,14.90,5.00,30.20,30.00,29.90,0.00
2020-11-18,38.00,35.70,33.00,22.00,16.80,14.00,57.00,46.50,39.00,31.00,17.80,6.00,30.60,30.40,30.20,0.00
2020-11-19,50.00,42.00,33.00,30.00,20.90,14.00,52.00,43.50,33.00,16.00,10.00,0.00,30.60,30.50,30.40,0.00
2020-11-20,64.00,54.90,47.00,36.00,32.50,30.00,54.00,43.70,30.00,16.00,10.30,7.00,30.40,30.30,30.20,0.00
2020-11-21,65.00,58.00,51.00,39.00,35.40,32.00,52.00,43.20,33.00,15.00,9.10,0.00,30.40,30.30,30.20,0.00
2020-11-22,60.00,51.20,46.00,55.00,40.30,28.00,84.00,66.80,50.00,18.00,13.60,8.00,30.50,30.30,30.00,0.00
2020-11-23,61.00,54.20,45.00,57.00,43.20,27.00,90.00,67.50,44.00,31.00,17.00,6.00,30.10,29.90,29.80,0.50
2020-11-24,50.00,46.70,44.00,30.00,26.60,24.00,56.00,46.00,36.00,17.00,11.20,0.00,30.40,30.30,30.10,0.18
2020-11-25,55.00,51.50,46.00,47.00,35.40,25.00,74.00,54.60,44.00,14.00,7.50,0.00,30.40,30.30,30.10,0.00
2020-11-26,66.00,60.40,54.00,59.00,50.60,45.00,87.00,71.50,52.00,14.00,7.90,0.00,30.10,30.00,29.90,0.67
2020-11-27,63.00,57.70,53.00,46.00,42.50,37.00,69.00,57.50,46.00,13.00,6.30,0.00,30.10,30.00,29.90,0.21
2020-11-28,57.00,52.00,47.00,38.00,34.50,30.00,61.00,51.70,42.00,16.00,8.50,0.00,30.10,30.00,29.90,0.00
2020-11-29,56.00,49.80,42.00,31.00,26.10,16.00,55.00,41.00,21.00,10.00,6.00,0.00,30.10,30.10,30.10,0.00
2020-11-30,65.00,59.60,49.00,60.00,52.50,29.00,87.00,77.80,44.00,31.00,17.10,0.00,30.00,29.60,29.30,0.00
2020-12-01,60.00,51.10,40.00,54.00,39.10,23.00,88.00,65.00,44.00,24.00,13.50,6.00,29.80,29.60,29.40,1.23
2020-12-02,45.00,41.80,39.00,29.00,25.20,23.00,56.00,51.80,47.00,21.00,16.40,13.00,30.10,29.90,29.80,0.00
2020-12-03,51.00,45.40,38.00,25.00,21.70,16.00,57.00,40.90,26.00,16.00,10.10,5.00,30.20,30.20,30.10,0.00
2020-12-04,53.00,49.10,47.00,42.00,35.30,28.00,80.00,60.90,43.00,15.00,8.90,0.00,30.10,30.00,29.90,0.00
2020-12-05,48.00,45.10,41.00,43.00,35.80,25.00,86.00,71.20,51.00,25.00,16.70,0.00,29.90,29.70,29.60,0.76
2020-12-06,42.00,39.30,36.00,26.00,21.80,19.00,55.00,49.50,43.00,28.00,20.50,9.00,29.80,29.80,29.70,0.38
2020-12-07,42.00,37.30,34.00,22.00,20.10,18.00,59.00,50.30,40.00,18.00,10.20,6.00,29.80,29.70,29.70,0.00
2020-12-08,38.00,34.60,32.00,22.00,20.50,17.00,64.00,56.70,46.00,20.00,15.10,10.00,29.80,29.80,29.70,0.00
2020-12-09,40.00,36.80,34.00,29.00,24.70,18.00,79.00,62.40,48.00,17.00,12.40,6.00,29.90,29.80,29.70,0.00
2020-12-10,50.00,45.10,39.00,32.00,30.40,29.00,68.00,56.80,48.00,18.00,10.50,0.00,30.20,30.00,29.80,0.02
2020-12-11,55.00,48.20,40.00,42.00,36.30,28.00,71.00,63.60,51.00,13.00,7.10,0.00,30.20,30.10,30.10,0.00
2020-12-12,56.00,50.70,44.00,53.00,46.40,38.00,90.00,84.90,74.00,10.00,6.30,0.00,30.10,30.00,29.90,0.00
2020-12-13,62.00,54.90,49.00,48.00,41.40,32.00,80.00,62.00,41.00,24.00,10.80,5.00,30.00,29.90,29.90,0.00
2020-12-14,47.00,41.40,39.00,34.00,30.90,20.00,81.00,67.10,46.00,18.00,10.20,5.00,30.00,29.90,29.80,0.00
2020-12-15,41.00,36.90,32.00,20.00,17.00,13.00,50.00,44.60,40.00,22.00,14.50,9.00,30.40,30.20,30.10,0.23
2020-12-16,33.00,30.80,28.00,29.00,20.20,3.00,89.00,67.50,33.00,35.00,23.60,9.00,30.40,30.20,29.80,0.00
2020-12-17,34.00,30.10,26.00,31.00,23.80,18.00,96.00,78.20,61.00,36.00,19.30,8.00,30.10,29.90,29.70,0.65
2020-12-18,33.00,29.80,27.00,19.00,15.50,12.00,67.00,56.00,43.00,16.00,10.70,6.00,30.40,30.30,30.10,0.04
2020-12-19,34.00,29.80,25.00,18.00,15.30,12.00,66.00,55.30,43.00,14.00,4.60,0.00,30.40,30.40,30.30,0.00
2020-12-20,40.00,36.50,33.00,34.00,26.90,16.00,86.00,69.60,48.00,9.00,4.70,0.00,30.30,30.10,29.90,0.00
2020-12-21,48.00,42.00,38.00,35.00,32.60,30.00,86.00,70.00,50.00,13.00,5.30,0.00,29.90,29.80,29.70,0.01
2020-12-22,47.00,43.40,40.00,34.00,29.20,21.00,79.00,58.90,42.00,23.00,13.40,6.00,30.20,29.80,29.60,0.00
2020-12-23,45.00,41.90,39.00,33.00,24.20,19.00,68.00,50.20,40.00,16.00,8.90,0.00,30.40,30.30,30.20,0.00
2020-12-24,62.00,55.30,43.00,56.00,47.30,34.00,86.00,74.80,64.00,28.00,18.00,0.00,30.30,30.00,29.60,0.00
2020-12-25,63.00,51.10,32.00,58.00,43.30,16.00,87.00,75.20,52.00,36.00,21.20,12.00,29.80,29.50,29.40,0.69
2020-12-26,34.00,29.80,26.00,14.00,11.50,10.00,56.00,47.00,38.00,22.00,16.00,9.00,30.10,29.90,29.80,0.22
2020-12-27,40.00,33.30,27.00,21.00,16.00,12.00,61.00,49.80,38.00,13.00,6.40,0.00,30.30,30.30,30.10,0.00
2020-12-28,51.00,45.60,37.00,37.00,30.40,22.00,74.00,56.20,46.00,17.00,7.60,0.00,30.30,30.10,30.00,0.00
2020-12-29,44.00,38.60,33.00,27.00,16.90,12.00,51.00,41.80,31.00,23.00,16.00,9.00,30.50,30.40,30.10,0.00
2020-12-30,45.00,37.80,31.00,28.00,18.60,11.00,56.00,46.80,32.00,17.00,10.30,0.00,30.50,30.30,30.00,0.00
2020-12-31,50.00,45.20,38.00,43.00,33.80,24.00,83.00,64.90,53.00,17.00,10.90,5.00,30.40,30.10,29.90,0.10
2021-01-01,41.00,38.00,35.00,36.00,28.00,21.00,87.00,68.40,55.00,14.00,8.50,5.00,30.50,30.30,30.00,0.43
2021-01-02,52.00,43.30,38.00,39.00,34.40,29.00,89.00,72.30,50.00,25.00,11.90,3.00,30.10,29.90,29.70,0.72
2021-01-03,39.00,38.00,36.00,34.00,31.30,27.00,86.00,77.20,65.00,22.00,15.80,8.00,30.10,30.00,29.90,0.00
2021-01-04,44.00,39.80,37.00,33.00,31.30,30.00,83.00,71.90,62.00,13.00,7.90,0.00,30.00,29.90,29.90,0.17
2021-01-05,42.00,40.30,39.00,31.00,28.70,27.00,73.00,63.50,55.00,13.00,8.40,3.00,29.90,29.90,29.90,0.00
2021-01-06,42.00,38.90,37.00,30.00,26.70,23.00,73.00,62.30,47.00,23.00,14.20,8.00,30.00,30.00,29.90,0.00
2021-01-07,43.00,37.10,33.00,24.00,21.30,19.00,61.00,53.20,40.00,18.00,13.90,9.00,30.10,30.10,30.00,0.00
2021-01-08,39.00,33.90,31.00,22.00,19.90,17.00,64.00,56.80,46.00,17.00,11.10,7.00,30.10,30.00,29.80,0.00
2021-01-09,37.00,33.50,28.00,18.00,15.60,13.00,61.00,48.40,41.00,24.00,14.80,8.00,30.00,29.90,29.80,0.00
2021-01-10,43.00,36.20,32.00,23.00,19.30,17.00,59.00,50.90,38.00,16.00,9.30,3.00,30.30,30.20,30.00,0.00
2021-01-11,38.00,34.30,31.00,26.00,21.80,19.00,73.00,60.40,52.00,10.00,3.10,0.00,30.30,30.20,30.10,0.00
2021-01-12,45.00,39.40,36.00,27.00,23.80,22.00,62.00,54.30,40.00,12.00,6.60,0.00,30.10,30.10,30.00,0.00
2021-01-13,44.00,40.80,37.00,27.00,23.60,22.00,62.00,50.60,42.00,15.00,6.00,0.00,30.10,30.00,29.90,0.00
2021-01-14,50.00,44.10,40.00,33.00,30.80,28.00,68.00,60.10,44.00,7.00,4.40,0.00,29.90,29.80,29.80,0.00
2021-01-15,47.00,42.50,38.00,41.00,36.30,32.00,87.00,78.50,70.00,22.00,13.10,0.00,30.00,29.90,29.70,0.00
2021-01-16,48.00,43.90,40.00,41.00,36.00,24.00,89.00,74.50,51.00,28.00,13.80,6.00,29.70,29.50,29.30,1.15
2021-01-17,46.00,42.40,38.00,25.00,23.50,20.00,60.00,47.80,40.00,24.00,15.40,9.00,29.70,29.60,29.50,0.00
2021-01-18,46.00,42.90,40.00,27.00,25.40,23.00,57.00,50.30,40.00,18.00,13.00,8.00,29.90,29.70,29.70,0.00
2021-01-19,43.00,40.30,38.00,24.00,21.40,17.00,57.00,47.60,35.00,22.00,14.80,7.00,30.10,30.00,29.90,0.00
2021-01-20,41.00,36.40,29.00,31.00,19.60,9.00,82.00,52.60,36.00,24.00,12.20,0.00,30.10,29.90,29.80,0.00
2021-01-21,45.00,36.40,28.00,25.00,17.00,9.00,53.00,45.60,36.00,15.00,8.20,0.00,30.00,29.80,29.60,0.02
2021-01-22,46.00,43.00,38.00,24.00,20.80,17.00,53.00,41.60,31.00,24.00,15.50,10.00,29.90,29.70,29.60,0.00
2021-01-23,37.00,31.60,27.00,17.00,9.70,5.00,49.00,40.30,32.00,32.00,20.80,13.00,30.10,30.00,29.90,0.00
2021-01-24,34.00,29.20,24.00,11.00,7.50,5.00,49.00,40.80,30.00,24.00,17.60,12.00,30.20,30.10,30.10,0.00
2021-01-25,39.00,32.40,26.00,15.00,11.50,9.00,53.00,42.40,33.00,14.00,8.50,3.00,30.10,30.10,30.10,0.00
2021-01-26,36.00,34.40,33.00,31.00,24.90,14.00,85.00,70.20,44.00,17.00,11.60,5.00,30.10,29.90,29.80,0.00
2021-01-27,38.00,36.20,33.00,31.00,26.00,19.00,85.00,67.60,54.00,21.00,10.70,0.00,30.10,30.00,29.80,0.07
2021-01-28,35.00,30.30,23.00,20.00,12.00,3.00,59.00,47.30,33.00,32.00,19.50,7.00,30.10,30.10,30.00,0.00
2021-01-29,27.00,22.50,18.00,6.00,4.00,0.00,52.00,45.30,36.00,33.00,23.90,15.00,30.20,30.10,30.00,0.00
2021-01-30,34.00,26.00,20.00,9.00,6.20,4.00,55.00,44.10,30.00,17.00,13.70,9.00,30.30,30.30,30.20,0.00
2021-01-31,40.00,24.10,21.00,20.00,11.80,8.00,84.00,60.60,31.00,21.00,10.70,0.00,30.40,30.30,30.10,0.00
2021-02-01,34.00,30.70,26.00,32.00,27.60,22.00,93.00,88.10,82.00,32.00,25.90,18.00,30.10,29.80,29.50,0.19
2021-02-02,35.00,32.50,30.00,33.00,27.10,22.00,96.00,80.50,66.00,22.00,17.30,13.00,29.50,29.40,29.40,0.75
2021-02-03,38.00,33.40,30.00,25.00,22.30,19.00,80.00,64.30,53.00,21.00,13.80,10.00,29.70,29.50,29.40,0.02
2021-02-04,43.00,37.80,33.00,24.00,20.90,18.00,61.00,51.00,41.00,20.00,11.30,0.00,29.90,29.80,29.70,0.00
2021-02-05,48.00,42.00,37.00,34.00,29.20,18.00,79.00,61.30,40.00,21.00,9.70,0.00,29.80,29.70,29.60,0.00
2021-02-06,45.00,40.30,34.00,18.00,14.70,11.00,50.00,36.00,27.00,31.00,13.30,5.00,30.10,30.00,29.80,0.06
2021-02-07,38.00,33.30,28.00,31.00,26.80,11.00,93.00,78.10,43.00,23.00,11.70,0.00,30.10,29.90,29.80,0.00
2021-02-08,31.00,25.40,19.00,16.00,7.80,4.00,61.00,48.00,33.00,23.00,10.50,0.00,30.40,30.40,30.10,0.39
2021-02-09,33.00,30.60,26.00,29.00,23.50,15.00,88.00,75.00,61.00,15.00,9.00,3.00,30.40,30.20,30.10,0.00
2021-02-10,36.00,30.80,27.00,24.00,17.00,10.00,79.00,58.20,35.00,12.00,7.00,0.00,30.40,30.30,30.20,0.01
2021-02-11,33.00,28.90,26.00,24.00,19.10,9.00,85.00,68.70,43.00,12.00,8.20,5.00,30.30,30.30,30.20,0.10
2021-02-12,30.00,26.80,22.00,9.00,4.10,-1.00,58.00,39.20,28.00,12.00,7.30,0.00,30.30,30.30,30.30,0.00
2021-02-13,31.00,28.60,26.00,21.00,9.20,2.00,69.00,44.50,35.00,17.00,11.00,7.00,30.30,30.30,30.20,0.00
2021-02-14,38.00,32.60,28.00,26.00,23.70,21.00,82.00,70.10,61.00,15.00,7.40,3.00,30.30,30.20,30.10,0.00
2021-02-15,34.00,33.70,32.00,31.00,28.10,21.00,89.00,80.70,61.00,13.00,7.80,5.00,30.20,30.10,29.90,0.00
2021-02-16,53.00,40.20,34.00,42.00,33.40,19.00,97.00,79.20,47.00,25.00,10.90,0.00,30.00,29.70,29.50,0.83
2021-02-17,33.00,29.70,24.00,15.00,7.30,3.00,51.00,39.80,28.00,25.00,11.60,3.00,30.50,30.30,30.00,0.03
2021-02-18,29.00,27.50,25.00,25.00,19.40,4.00,96.00,74.00,35.00,21.00,13.00,7.00,30.50,30.40,30.20,0.00
2021-02-19,34.00,31.40,28.00,29.00,26.90,25.00,89.00,83.10,75.00,20.00,11.60,6.00,30.20,30.10,30.00,0.34
2021-02-20,36.00,32.10,28.00,26.00,17.80,13.00,75.00,56.40,40.00,22.00,14.90,6.00,30.30,30.10,30.00,0.08
2021-02-21,38.00,31.80,26.00,16.00,13.50,10.00,63.00,48.00,33.00,17.00,10.10,3.00,30.50,30.40,30.30,0.00
2021-02-22,40.00,35.70,33.00,35.00,27.50,14.00,92.00,73.90,46.00,21.00,10.30,0.00,30.40,29.90,29.70,0.00
2021-02-23,46.00,41.60,38.00,32.00,28.50,25.00,73.00,60.00,49.00,20.00,13.30,7.00,29.90,29.70,29.60,0.56
2021-02-24,53.00,47.20,42.00,36.00,29.30,25.00,61.00,50.50,34.00,20.00,11.80,5.00,30.10,29.90,29.70,0.01
2021-02-25,52.00,45.40,41.00,34.00,20.40,13.00,52.00,37.80,24.00,30.00,16.80,6.00,30.20,30.00,29.70,0.00
2021-02-26,46.00,40.20,35.00,27.00,17.90,12.00,60.00,41.50,29.00,14.00,9.10,3.00,30.50,30.40,30.30,0.00
2021-02-27,52.00,44.10,37.00,48.00,38.30,27.00,93.00,80.50,57.00,14.00,9.10,3.00,30.40,30.10,29.90,0.06
2021-02-28,45.00,41.60,39.00,39.00,35.50,32.00,93.00,79.50,63.00,13.00,8.10,0.00,30.30,30.10,29.90,0.41
2021-03-01,48.00,42.70,33.00,41.00,32.20,12.00,93.00,70.20,33.00,32.00,14.20,0.00,29.90,29.70,29.60,0.42
2021-03-02,34.00,29.50,23.00,10.00,3.50,0.00,44.00,33.60,24.00,32.00,20.70,9.00,30.20,30.10,29.90,0.02
2021-03-03,52.00,43.00,33.00,26.00,17.10,10.00,49.00,36.10,24.00,16.00,9.90,0.00,30.00,29.90,29.80,0.00
2021-03-04,44.00,39.10,28.00,29.00,19.20,8.00,60.00,45.40,35.00,32.00,20.20,7.00,29.90,29.80,29.80,0.00
2021-03-05,38.00,31.90,25.00,11.00,5.20,-4.00,49.00,34.00,17.00,31.00,21.30,13.00,29.90,29.90,29.80,0.00
2021-03-06,35.00,32.50,30.00,18.00,12.30,8.00,52.00,43.40,38.00,23.00,16.20,7.00,30.20,30.10,29.90,0.00
2021-03-07,41.00,34.50,30.00,15.00,12.80,10.00,51.00,41.20,32.00,16.00,12.30,5.00,30.40,30.30,30.20,0.00
2021-03-08,44.00,36.50,28.00,13.00,9.40,6.00,47.00,33.50,23.00,12.00,8.10,6.00,30.40,30.40,30.30,0.00
2021-03-09,61.00,51.30,43.00,28.00,20.40,11.00,53.00,30.50,22.00,18.00,11.20,5.00,30.40,30.30,30.20,0.00
2021-03-10,54.00,46.60,39.00,43.00,33.40,26.00,80.00,61.30,43.00,15.00,7.00,0.00,30.50,30.40,30.40,0.00
2021-03-11,67.00,53.70,44.00,45.00,40.90,35.00,93.00,66.70,33.00,14.00,7.50,0.00,30.40,30.20,30.00,0.00
2021-03-12,67.00,61.00,53.00,48.00,28.50,15.00,65.00,32.50,14.00,32.00,15.70,8.00,30.10,30.00,29.90,0.00
2021-03-13,50.00,43.40,34.00,24.00,9.50,5.00,38.00,26.00,17.00,40.00,15.50,6.00,30.30,30.20,30.00,0.00
2021-03-14,51.00,43.80,32.00,22.00,14.00,9.00,39.00,30.50,21.00,31.00,20.90,13.00,30.10,30.00,29.90,0.00
2021-03-15,39.00,32.00,25.00,8.00,0.20,-5.00,39.00,26.90,16.00,31.00,17.70,6.00,30.30,30.30,30.20,0.00
2021-03-16,36.00,33.30,29.00,27.00,13.20,-4.00,75.00,46.30,22.00,12.00,8.40,5.00,30.30,30.20,30.20,0.00
2021-03-17,47.00,40.80,34.00,37.00,31.80,26.00,76.00,70.60,61.00,10.00,7.20,5.00,30.20,30.10,30.10,0.00
2021-03-18,46.00,44.00,42.00,41.00,39.30,36.00,93.00,83.90,68.00,20.00,9.00,0.00,30.10,29.90,29.80,0.00
2021-03-19,42.00,37.60,32.00,34.00,11.40,4.00,79.00,36.20,21.00,26.00,17.20,5.00,30.40,30.20,29.90,0.65
2021-03-20,59.00,45.30,35.00,31.00,17.90,11.00,62.00,35.50,16.00,10.00,6.10,0.00,30.60,30.50,30.40,0.00
2021-03-21,61.00,49.30,38.00,35.00,25.40,16.00,79.00,44.90,17.00,10.00,5.10,0.00,30.60,30.50,30.40,0.00
2021-03-22,56.00,47.30,39.00,37.00,32.80,23.00,86.00,60.90,28.00,12.00,6.60,0.00,30.40,30.40,30.30,0.00
2021-03-23,58.00,47.80,42.00,44.00,40.30,36.00,92.00,76.50,55.00,12.00,7.40,3.00,30.30,30.30,30.20,0.00
2021-03-24,49.00,46.00,44.00,45.00,42.20,41.00,93.00,87.00,74.00,17.00,10.40,0.00,30.20,30.10,30.00,0.00
2021-03-25,67.00,55.80,46.00,55.00,50.60,44.00,97.00,83.50,65.00,12.00,5.90,0.00,30.10,30.00,29.90,1.32
2021-03-26,82.00,60.30,52.00,57.00,47.20,37.00,93.00,68.20,22.00,35.00,13.90,3.00,30.00,29.80,29.60,0.03
2021-03-27,67.00,56.80,51.00,43.00,38.80,35.00,66.00,51.80,33.00,16.00,10.20,6.00,30.10,30.10,30.00,0.00
2021-03-28,58.00,52.60,46.00,54.00,47.80,39.00,94.00,84.40,53.00,22.00,10.60,0.00,30.10,29.70,29.40,0.00
2021-03-29,55.00,49.80,46.00,32.00,24.00,18.00,56.00,37.20,27.00,32.00,18.90,5.00,30.30,29.90,29.60,0.60
2021-03-30,58.00,50.30,42.00,43.00,32.00,22.00,77.00,51.70,33.00,24.00,11.80,0.00,30.40,30.30,30.30,0.00
2021-03-31,64.00,56.20,50.00,55.00,49.90,43.00,93.00,80.00,56.00,18.00,9.70,0.00,30.30,30.00,29.80,0.00
2021-04-01,57.00,46.90,40.00,55.00,34.70,22.00,93.00,65.40,33.00,24.00,16.00,0.00,30.00,29.80,29.70,0.38
2021-04-02,39.00,35.30,30.00,23.00,13.30,9.00,57.00,41.30,31.00,25.00,17.00,10.00,30.30,30.10,30.00,0.01
2021-04-03,54.00,42.80,34.00,30.00,12.30,5.00,54.00,31.00,15.00,15.00,10.20,3.00,30.40,30.30,30.20,0.00
2021-04-04,62.00,53.60,47.00,30.00,25.80,13.00,50.00,35.10,24.00,18.00,7.20,0.00,30.20,30.00,29.90,0.00
2021-04-05,67.00,57.30,49.00,30.00,23.30,15.00,46.00,29.00,15.00,24.00,17.70,10.00,30.00,29.90,29.80,0.00
2021-04-06,68.00,57.30,49.00,32.00,22.00,13.00,41.00,27.70,12.00,16.00,10.30,0.00,30.00,29.90,29.80,0.00
2021-04-07,71.00,58.00,51.00,38.00,33.00,27.00,59.00,39.90,25.00,12.00,5.70,0.00,30.10,30.00,29.90,0.00
2021-04-08,69.00,57.50,48.00,44.00,40.30,38.00,71.00,54.40,33.00,15.00,5.40,0.00,30.10,30.10,30.00,0.00
2021-04-09,56.00,51.00,49.00,44.00,43.20,41.00,83.00,75.20,60.00,13.00,7.30,5.00,30.20,30.10,30.10,0.00
2021-04-10,66.00,56.20,50.00,53.00,48.80,44.00,93.00,77.00,58.00,13.00,6.90,0.00,30.10,29.90,29.80,0.00
2021-04-11,56.00,52.00,47.00,53.00,49.50,44.00,97.00,91.20,86.00,18.00,12.20,3.00,29.80,29.60,29.60,0.00
2021-04-12,51.00,47.50,46.00,44.00,41.20,36.00,90.00,79.50,61.00,18.00,9.90,0.00,29.90,29.80,29.70,0.40
2021-04-13,64.00,52.90,45.00,43.00,39.00,36.00,89.00,61.90,40.00,13.00,6.60,0.00,30.10,30.00,29.90,0.55
2021-04-14,71.00,59.80,49.00,50.00,43.20,36.00,80.00,56.90,28.00,14.00,7.50,0.00,30.10,30.00,29.80,0.00
2021-04-15,60.00,51.40,47.00,51.00,46.40,39.00,90.00,83.20,69.00,23.00,9.70,3.00,29.80,29.70,29.60,0.00
2021-04-16,52.00,47.00,42.00,39.00,35.40,31.00,79.00,65.10,45.00,18.00,12.60,5.00,29.70,29.60,29.60,0.93
2021-04-17,54.00,49.10,44.00,37.00,34.40,30.00,76.00,58.70,43.00,12.00,9.20,5.00,29.80,29.70,29.70,0.03
2021-04-18,62.00,55.30,50.00,44.00,37.50,33.00,64.00,52.10,34.00,12.00,7.60,0.00,29.80,29.80,29.80,0.00
2021-04-19,64.00,58.60,52.00,43.00,38.40,34.00,63.00,47.80,34.00,14.00,5.90,0.00,29.90,29.80,29.80,0.00
2021-04-20,75.00,63.10,53.00,45.00,40.30,34.00,64.00,45.40,22.00,16.00,10.40,0.00,29.90,29.90,29.80,0.00
2021-04-21,65.00,54.30,41.00,53.00,40.60,21.00,81.00,60.60,45.00,28.00,14.80,6.00,29.80,29.70,29.50,0.00
2021-04-22,48.00,43.00,38.00,21.00,17.50,15.00,51.00,36.60,29.00,26.00,20.20,13.00,29.90,29.80,29.80,0.27
2021-04-23,65.00,53.30,41.00,24.00,19.60,17.00,47.00,28.80,16.00,24.00,15.80,8.00,30.00,29.90,29.90,0.00
2021-04-24,70.00,61.20,54.00,37.00,29.10,24.00,42.00,30.50,18.00,18.00,10.50,6.00,30.00,29.90,29.80,0.00
2021-04-25,63.00,54.90,50.00,46.00,42.90,36.00,86.00,66.20,42.00,17.00,9.70,0.00,29.80,29.70,29.70,0.41
2021-04-26,60.00,51.90,43.00,37.00,23.60,15.00,53.00,35.60,19.00,23.00,18.50,10.00,30.10,30.00,29.80,0.09
2021-04-27,61.00,54.70,49.00,42.00,24.80,12.00,62.00,33.40,20.00,12.00,6.70,0.00,30.10,30.00,29.90,0.00
2021-04-28,82.00,62.20,51.00,56.00,46.90,42.00,78.00,59.10,33.00,13.00,7.10,0.00,29.90,29.80,29.70,0.00
2021-04-29,72.00,66.10,60.00,62.00,55.60,51.00,83.00,69.10,57.00,16.00,7.80,0.00,29.80,29.60,29.40,0.03
2021-04-30,72.00,62.90,49.00,61.00,41.00,27.00,68.00,46.70,24.00,36.00,22.70,13.00,29.70,29.40,29.30,0.00
2021-05-01,64.00,54.30,44.00,33.00,26.10,14.00,55.00,36.90,14.00,28.00,17.20,5.00,29.90,29.80,29.70,0.02
2021-05-02,83.00,68.00,59.00,49.00,37.50,23.00,64.00,33.80,23.00,17.00,11.50,6.00,29.80,29.70,29.60,0.00
2021-05-03,61.00,57.30,52.00,50.00,48.50,45.00,89.00,73.00,56.00,15.00,8.70,3.00,29.90,29.80,29.70,0.00
2021-05-04,67.00,58.30,51.00,55.00,51.60,48.00,93.00,79.40,64.00,16.00,8.40,0.00,29.80,29.70,29.60,0.63
2021-05-05,61.00,54.30,51.00,55.00,49.60,42.00,94.00,84.60,62.00,23.00,9.00,0.00,29.80,29.70,29.60,0.00
2021-05-06,66.00,58.40,52.00,41.00,34.10,27.00,63.00,42.30,26.00,20.00,14.20,5.00,29.90,29.90,29.80,0.29
2021-05-07,62.00,56.60,51.00,45.00,35.00,28.00,62.00,44.90,35.00,16.00,10.30,6.00,29.90,29.90,29.80,0.00
2021-05-08,54.00,52.00,51.00,43.00,39.30,34.00,71.00,62.20,48.00,14.00,7.50,0.00,30.00,29.90,29.80,0.00
2021-05-09,63.00,53.00,48.00,46.00,40.00,32.00,86.00,64.00,32.00,16.00,10.50,0.00,30.10,30.00,29.80,0.04
2021-05-10,59.00,53.70,48.00,45.00,42.70,39.00,86.00,68.00,48.00,14.00,10.20,3.00,30.00,29.90,29.70,0.47
2021-05-11,67.00,59.10,52.00,42.00,32.40,23.00,66.00,39.00,19.00,18.00,12.60,6.00,30.10,30.00,29.90,0.00
2021-05-12,68.00,58.00,48.00,37.00,31.50,26.00,50.00,38.00,21.00,23.00,13.80,3.00,30.20,30.10,30.10,0.00
2021-05-13,70.00,62.30,54.00,35.00,30.50,24.00,45.00,31.50,18.00,13.00,7.30,0.00,30.20,30.20,30.10,0.00
2021-05-14,76.00,66.70,56.00,41.00,31.00,25.00,55.00,28.40,16.00,17.00,8.00,3.00,30.20,30.20,30.10,0.00
2021-05-15,76.00,68.20,58.00,41.00,33.30,28.00,53.00,28.80,19.00,17.00,6.40,0.00,30.20,30.20,30.20,0.00
2021-05-16,79.00,68.20,62.00,46.00,38.50,29.00,56.00,35.00,18.00,17.00,7.60,0.00,30.20,30.20,30.20,0.00
2021-05-17,77.00,68.50,59.00,47.00,41.60,36.00,62.00,39.30,23.00,17.00,6.70,0.00,30.30,30.20,30.20,0.00
2021-05-18,83.00,74.10,63.00,46.00,40.60,36.00,48.00,31.80,20.00,16.00,8.40,0.00,30.30,30.20,30.20,0.00
2021-05-19,86.00,75.30,66.00,53.00,44.80,39.00,57.00,35.50,22.00,14.00,8.30,3.00,30.30,30.30,30.20,0.00
2021-05-20,75.00,67.00,60.00,49.00,39.60,29.00,64.00,39.90,20.00,14.00,8.90,6.00,30.50,30.40,30.30,0.00
2021-05-21,76.00,68.30,61.00,53.00,44.70,31.00,63.00,43.90,22.00,16.00,8.50,0.00,30.50,30.40,30.30,0.00
2021-05-22,88.00,76.10,63.00,56.00,54.20,52.00,72.00,49.00,29.00,18.00,7.40,0.00,30.30,30.10,30.00,0.00
2021-05-23,87.00,78.90,70.00,60.00,58.00,54.00,64.00,49.50,36.00,22.00,14.90,7.00,30.10,29.90,29.80,0.00
2021-05-24,68.00,63.30,60.00,47.00,40.50,35.00,56.00,43.70,32.00,16.00,12.40,8.00,30.30,30.20,30.10,0.00
2021-05-25,71.00,65.30,60.00,56.00,49.00,42.00,70.00,55.80,47.00,18.00,11.60,7.00,30.30,30.20,30.10,0.00
2021-05-26,85.00,75.40,66.00,66.00,61.60,56.00,79.00,63.00,47.00,16.00,10.80,5.00,30.10,29.90,29.80,0.00
2021-05-27,83.00,73.70,68.00,65.00,53.50,41.00,84.00,53.10,27.00,18.00,12.70,5.00,30.00,29.90,29.90,0.08
2021-05-28,66.00,58.60,51.00,48.00,43.20,37.00,86.00,59.80,37.00,28.00,17.30,8.00,30.10,30.00,29.90,0.00
2021-05-29,52.00,50.30,48.00,47.00,44.10,41.00,83.00,79.60,71.00,35.00,20.90,14.00,30.10,30.00,29.80,1.28
2021-05-30,52.00,50.20,48.00,48.00,45.40,41.00,89.00,83.40,71.00,22.00,13.30,9.00,30.10,30.10,30.10,0.48
2021-05-31,70.00,57.90,50.00,52.00,46.80,46.00,89.00,68.70,42.00,13.00,9.40,3.00,30.20,30.20,30.10,0.67
2021-06-01,78.00,67.40,57.00,53.00,49.90,43.00,84.00,56.50,29.00,17.00,5.80,0.00,30.30,30.20,30.20,0.00
2021-06-02,75.00,67.80,63.00,56.00,52.00,48.00,78.00,57.30,49.00,15.00,8.30,0.00,30.20,30.20,30.10,0.00
2021-06-03,73.00,65.30,61.00,64.00,60.20,55.00,93.00,83.90,71.00,9.00,6.30,3.00,30.10,30.00,29.90,0.00
2021-06-04,78.00,71.10,64.00,66.00,63.70,59.00,87.00,77.80,60.00,36.00,8.00,0.00,29.90,29.90,29.80,0.31
2021-06-05,93.00,81.40,66.00,63.00,59.80,56.00,87.00,52.20,29.00,16.00,8.00,0.00,29.90,29.90,29.80,0.67
2021-06-06,94.00,86.20,77.00,64.00,60.60,55.00,58.00,42.80,27.00,18.00,10.00,0.00,30.00,30.00,29.90,0.00
2021-06-07,91.00,82.60,78.00,69.00,66.50,63.00,66.00,58.40,45.00,15.00,8.60,5.00,30.10,30.00,30.00,0.00
2021-06-08,91.00,78.60,72.00,71.00,68.60,65.00,87.00,72.50,48.00,16.00,6.50,0.00,30.00,30.00,30.00,0.00
2021-06-09,90.00,82.10,74.00,69.00,67.10,64.00,82.00,61.70,43.00,9.00,5.10,0.00,30.00,29.90,29.90,0.47
2021-06-10,80.00,75.00,66.00,66.00,54.70,44.00,76.00,50.30,31.00,17.00,9.60,0.00,30.10,30.00,29.90,0.00
2021-06-11,68.00,64.80,62.00,59.00,52.50,46.00,81.00,64.90,52.00,13.00,8.90,3.00,30.00,29.90,29.90,0.00
2021-06-12,69.00,65.80,64.00,60.00,55.50,50.00,84.00,70.00,51.00,15.00,8.70,3.00,29.90,29.90,29.80,0.00
2021-06-13,76.00,68.60,63.00,59.00,55.00,53.00,76.00,62.50,46.00,14.00,7.60,0.00,29.90,29.90,29.90,0.00
2021-06-14,74.00,68.60,66.00,64.00,61.10,56.00,88.00,77.40,64.00,16.00,9.60,5.00,29.90,29.80,29.70,0.02
2021-06-15,82.00,72.90,68.00,65.00,58.30,50.00,87.00,62.90,34.00,20.00,9.70,0.00,29.80,29.70,29.70,0.08
2021-06-16,76.00,70.60,64.00,54.00,45.10,37.00,68.00,42.70,26.00,23.00,12.90,8.00,29.90,29.80,29.80,0.00
2021-06-17,78.00,71.20,62.00,43.00,37.80,34.00,40.00,30.30,22.00,14.00,7.00,0.00,30.00,29.90,29.90,0.00
2021-06-18,85.00,76.80,67.00,56.00,48.40,40.00,51.00,38.10,23.00,18.00,10.30,0.00,30.00,29.90,29.80,0.00
2021-06-19,90.00,78.00,69.00,64.00,59.40,55.00,76.00,54.70,33.00,16.00,9.50,0.00,29.80,29.80,29.70,0.11
2021-06-20,87.00,78.80,69.00,68.00,62.30,58.00,70.00,57.40,44.00,16.00,8.50,3.00,29.80,29.80,29.70,0.00
2021-06-21,87.00,80.00,74.00,70.00,68.30,65.00,82.00,67.90,57.00,20.00,11.60,8.00,29.70,29.70,29.60,0.00
2021-06-22,80.00,70.30,62.00,68.00,60.40,49.00,81.00,71.00,58.00,21.00,11.50,3.00,29.90,29.70,29.60,0.00
2021-06-23,76.00,67.30,58.00,50.00,44.10,36.00,65.00,45.40,23.00,15.00,10.70,3.00,30.30,30.10,29.90,0.17
2021-06-24,78.00,69.80,63.00,56.00,50.10,43.00,75.00,51.30,29.00,17.00,8.30,0.00,30.40,30.30,30.30,0.00
2021-06-25,80.00,69.30,64.00,64.00,58.40,53.00,83.00,69.10,42.00,15.00,9.40,3.00,30.30,30.30,30.20,0.00
2021-06-26,84.00,76.40,69.00,70.00,67.30,64.00,87.00,73.90,61.00,18.00,11.10,7.00,30.20,30.20,30.10,0.00
2021-06-27,88.00,81.20,75.00,70.00,68.70,67.00,83.00,66.50,53.00,16.00,11.80,8.00,30.20,30.10,30.10,0.00
2021-06-28,95.00,85.60,77.00,70.00,68.60,67.00,74.00,57.60,40.00,17.00,11.70,8.00,30.20,30.20,30.10,0.00
2021-06-29,98.00,89.70,81.00,71.00,68.30,66.00,63.00,49.80,37.00,20.00,10.70,0.00,30.20,30.10,30.10,0.00
2021-06-30,100.00,88.20,75.00,70.00,67.60,64.00,82.00,53.10,32.00,24.00,12.40,0.00,30.10,29.90,29.80,0.00
2021-07-01,86.00,77.10,73.00,70.00,68.10,63.00,90.00,75.00,46.00,21.00,5.80,0.00,29.90,29.80,29.70,0.61
2021-07-02,78.00,73.30,63.00,70.00,65.80,59.00,88.00,77.70,67.00,25.00,9.00,0.00,29.80,29.70,29.70,0.81
2021-07-03,66.00,63.20,61.00,59.00,57.10,55.00,88.00,80.80,70.00,22.00,11.40,6.00,29.80,29.80,29.70,0.93
2021-07-04,78.00,70.00,62.00,63.00,57.60,54.00,78.00,65.50,46.00,12.00,6.10,3.00,30.00,29.90,29.80,0.03
2021-07-05,83.00,74.50,67.00,65.00,63.50,61.00,90.00,69.90,47.00,16.00,9.50,3.00,30.10,30.00,30.00,0.00
2021-07-06,96.00,81.90,74.00,70.00,65.70,62.00,85.00,60.00,36.00,32.00,13.00,5.00,30.00,29.90,29.80,0.00
2021-07-07,95.00,84.80,74.00,72.00,68.50,63.00,79.00,59.60,34.00,15.00,7.90,0.00,29.90,29.90,29.90,0.21
2021-07-08,85.00,76.20,72.00,71.00,68.10,64.00,87.00,76.40,58.00,16.00,9.80,3.00,30.00,29.90,29.90,0.00
2021-07-09,89.00,76.20,72.00,70.00,68.30,65.00,93.00,77.90,45.00,24.00,11.90,0.00,29.90,29.80,29.70,2.15
2021-07-10,80.00,75.60,72.00,69.00,65.80,63.00,85.00,72.30,60.00,12.00,6.80,0.00,30.00,29.90,29.90,0.61
2021-07-11,81.00,75.70,73.00,72.00,67.00,63.00,87.00,74.60,54.00,15.00,8.50,0.00,30.10,30.10,30.00,0.06
2021-07-12,81.00,76.20,73.00,73.00,70.50,68.00,91.00,82.70,69.00,17.00,9.40,0.00,30.20,30.10,30.00,0.58
2021-07-13,73.00,71.30,69.00,68.00,66.50,66.00,93.00,84.90,79.00,15.00,9.80,6.00,30.20,30.20,30.20,0.03
2021-07-14,90.00,75.50,70.00,72.00,68.00,64.00,94.00,79.30,42.00,14.00,7.00,0.00,30.20,30.10,30.10,0.00
2021-07-15,91.00,82.50,76.00,72.00,67.80,63.00,71.00,61.80,39.00,14.00,7.50,0.00,30.10,30.00,30.00,0.00
2021-07-16,95.00,87.30,82.00,71.00,67.90,63.00,69.00,53.50,34.00,15.00,7.10,0.00,30.00,30.00,29.90,0.00
2021-07-17,91.00,83.10,77.00,73.00,70.20,66.00,82.00,65.60,50.00,16.00,7.20,0.00,30.00,30.00,29.90,0.00
2021-07-18,86.00,78.50,74.00,73.00,67.50,63.00,87.00,70.20,46.00,17.00,9.80,5.00,30.00,29.90,29.90,0.58
2021-07-19,82.00,76.20,71.00,66.00,63.50,60.00,84.00,65.40,47.00,13.00,7.10,0.00,29.90,29.90,29.90,0.03
2021-07-20,88.00,82.70,75.00,67.00,64.90,63.00,71.00,55.60,43.00,9.00,6.40,3.00,29.90,29.90,29.80,0.01
2021-07-21,83.00,77.70,72.00,68.00,63.00,59.00,78.00,60.90,49.00,20.00,8.00,0.00,29.90,29.90,29.80,0.00
2021-07-22,82.00,75.80,69.00,60.00,55.70,51.00,73.00,51.00,34.00,16.00,9.80,5.00,30.10,30.00,29.90,0.16
2021-07-23,83.00,76.20,70.00,58.00,53.20,50.00,57.00,45.40,33.00,14.00,8.00,0.00,30.10,30.10,30.10,0.00
2021-07-24,83.00,76.40,70.00,64.00,58.40,54.00,73.00,54.60,39.00,15.00,8.90,0.00,30.10,30.10,30.00,0.00
2021-07-25,83.00,77.80,69.00,71.00,65.70,56.00,84.00,66.80,48.00,16.00,10.20,7.00,30.00,29.90,29.80,0.42
2021-07-26,90.00,80.40,73.00,71.00,64.10,55.00,85.00,60.80,33.00,22.00,7.00,0.00,29.90,29.90,29.80,1.40
2021-07-27,90.00,82.70,74.00,64.00,59.30,55.00,71.00,46.10,30.00,25.00,8.70,0.00,29.90,29.90,29.90,0.00
2021-07-28,82.00,75.80,71.00,65.00,62.10,56.00,78.00,63.30,41.00,12.00,8.00,0.00,30.00,30.00,29.90,0.20
2021-07-29,79.00,75.50,73.00,71.00,66.80,64.00,85.00,74.90,60.00,24.00,14.60,7.00,30.00,29.90,29.70,0.00
2021-07-30,84.00,76.80,70.00,68.00,57.00,47.00,79.00,52.90,34.00,21.00,15.00,8.00,29.90,29.80,29.70,0.26
2021-07-31,79.00,71.50,64.00,59.00,48.80,45.00,64.00,45.50,32.00,16.00,8.70,3.00,30.00,29.90,29.90,0.00
2021-08-01,77.00,72.90,68.00,62.00,58.50,55.00,78.00,61.00,48.00,15.00,9.00,0.00,29.90,29.90,29.80,0.00
2021-08-02,81.00,73.20,64.00,63.00,55.70,51.00,81.00,56.70,35.00,20.00,10.70,3.00,30.10,29.90,29.80,0.09
2021-08-03,79.00,73.40,68.00,56.00,52.50,50.00,65.00,48.60,37.00,9.00,5.00,0.00,30.10,30.10,30.10,0.00
2021-08-04,75.00,72.70,70.00,63.00,59.30,54.00,76.00,62.90,50.00,15.00,7.10,0.00,30.10,30.10,30.10,0.00
2021-08-05,81.00,73.50,69.00,66.00,62.20,60.00,76.00,68.20,52.00,13.00,9.00,3.00,30.10,30.10,30.00,0.00
2021-08-06,89.00,80.00,72.00,65.00,61.80,58.00,76.00,55.40,35.00,15.00,8.00,0.00,30.10,30.10,30.10,0.00
2021-08-07,87.00,80.70,75.00,67.00,61.20,54.00,64.00,52.30,33.00,15.00,9.50,5.00,30.10,30.00,30.00,0.00
2021-08-08,79.00,71.00,67.00,65.00,62.40,57.00,87.00,75.10,52.00,22.00,12.50,0.00,30.10,30.10,30.00,0.11
2021-08-09,78.00,74.30,71.00,70.00,67.30,65.00,88.00,78.80,68.00,15.00,8.80,3.00,30.10,30.10,30.10,0.23
2021-08-10,84.00,77.50,73.00,72.00,68.90,65.00,89.00,75.00,60.00,15.00,7.70,0.00,30.10,30.10,30.00,0.00
2021-08-11,90.00,82.00,76.00,74.00,70.40,68.00,82.00,68.60,52.00,21.00,9.20,3.00,30.00,30.00,29.90,0.40
2021-08-12,97.00,86.70,77.00,71.00,67.60,64.00,74.00,54.50,36.00,18.00,8.80,0.00,30.00,29.90,29.90,0.07
2021-08-13,97.00,88.50,81.00,70.00,67.00,63.00,62.00,49.70,34.00,14.00,6.40,0.00,30.00,30.00,29.90,0.00
2021-08-14,90.00,85.10,78.00,68.00,65.30,56.00,60.00,51.40,43.00,15.00,9.20,3.00,30.10,30.00,30.00,0.00
2021-08-15,82.00,76.80,71.00,58.00,53.70,50.00,51.00,44.80,36.00,14.00,8.60,0.00,30.20,30.10,30.10,0.00
2021-08-16,81.00,75.60,71.00,63.00,58.70,56.00,64.00,56.10,42.00,12.00,8.40,5.00,30.20,30.20,30.10,0.00
2021-08-17,81.00,77.50,75.00,66.00,63.40,62.00,71.00,61.80,54.00,16.00,10.50,6.00,30.20,30.20,30.10,0.00
2021-08-18,84.00,79.10,76.00,73.00,70.80,67.00,79.00,75.70,67.00,15.00,9.40,5.00,30.20,30.10,30.00,0.00
2021-08-19,89.00,81.60,77.00,74.00,70.60,66.00,88.00,70.50,48.00,21.00,14.10,7.00,30.00,29.90,29.80,0.29
2021-08-20,82.00,79.40,77.00,69.00,67.00,66.00,76.00,65.80,60.00,14.00,7.30,0.00,29.90,29.90,29.80,0.00
2021-08-21,83.00,78.20,75.00,73.00,70.40,66.00,91.00,77.40,56.00,20.00,8.30,0.00,29.90,29.90,29.80,0.09
2021-08-22,76.00,74.50,72.00,73.00,69.90,67.00,91.00,85.60,79.00,20.00,11.50,6.00,29.80,29.80,29.70,1.19
2021-08-23,85.00,76.90,73.00,72.00,69.30,66.00,90.00,77.80,57.00,20.00,12.20,6.00,29.80,29.70,29.70,2.94
2021-08-24,91.00,83.60,77.00,68.00,64.50,59.00,74.00,54.70,34.00,14.00,7.90,0.00,30.00,29.90,29.80,0.16
2021-08-25,93.00,84.70,75.00,70.00,65.20,58.00,79.00,53.60,33.00,12.00,4.30,0.00,30.10,30.10,30.00,0.00
2021-08-26,94.00,87.10,81.00,75.00,69.00,64.00,67.00,55.30,39.00,17.00,6.40,0.00,30.10,30.10,30.00,0.00
2021-08-27,92.00,84.10,77.00,74.00,70.10,47.00,81.00,63.70,30.00,20.00,5.20,0.00,30.10,30.00,30.00,0.00
2021-08-28,82.00,74.60,69.00,74.00,66.20,59.00,90.00,75.30,58.00,22.00,12.90,6.00,30.30,30.20,30.10,1.34
2021-08-29,76.00,71.80,68.00,71.00,65.30,59.00,87.00,80.20,68.00,14.00,7.50,5.00,30.30,30.10,30.00,0.00
2021-08-30,86.00,79.80,74.00,73.00,66.80,26.00,93.00,67.60,16.00,13.00,7.60,0.00,30.00,29.90,29.80,0.00
2021-08-31,86.00,81.30,76.00,72.00,65.20,58.00,85.00,59.90,40.00,14.00,7.50,0.00,29.80,29.80,29.70,0.00
2021-09-01,81.00,70.90,64.00,69.00,60.10,30.00,100.00,74.70,23.00,40.00,18.60,0.00,29.80,29.60,29.50,0.03
2021-09-02,77.00,68.80,63.00,63.00,55.50,49.00,93.00,65.20,37.00,22.00,15.40,8.00,30.00,29.80,29.50,6.86
2021-09-03,76.00,69.00,62.00,56.00,53.70,52.00,72.00,59.00,45.00,13.00,8.60,5.00,30.00,30.00,30.00,0.00
2021-09-04,80.00,72.40,65.00,61.00,56.50,52.00,70.00,58.60,42.00,15.00,7.20,3.00,30.00,30.00,29.90,0.00
2021-09-05,76.00,72.90,69.00,70.00,64.90,59.00,87.00,76.20,64.00,15.00,9.80,6.00,29.90,29.80,29.80,0.00
2021-09-06,84.00,76.50,72.00,68.00,61.50,51.00,87.00,63.40,32.00,20.00,9.70,3.00,29.90,29.80,29.70,0.05
2021-09-07,83.00,74.70,68.00,65.00,57.70,51.00,73.00,56.60,34.00,14.00,8.90,0.00,30.00,29.90,29.90,0.00
2021-09-08,84.00,77.40,73.00,72.00,67.70,62.00,87.00,72.50,63.00,22.00,14.30,7.00,29.90,29.80,29.80,0.00
2021-09-09,77.00,71.30,68.00,71.00,61.30,30.00,93.00,75.70,21.00,12.00,5.50,0.00,29.80,29.70,29.70,0.16
2021-09-10,76.00,70.80,66.00,61.00,51.80,45.00,73.00,52.70,34.00,21.00,14.30,7.00,30.10,29.90,29.70,0.13
2021-09-11,79.00,72.50,65.00,55.00,49.50,46.00,58.00,45.00,32.00,15.00,8.20,0.00,30.20,30.10,30.10,0.00
2021-09-12,85.00,76.80,69.00,63.00,59.80,56.00,70.00,56.40,44.00,16.00,12.60,8.00,30.10,30.00,30.00,0.00
2021-09-13,86.00,79.30,72.00,65.00,62.40,58.00,78.00,56.60,44.00,20.00,12.40,7.00,30.10,30.00,29.90,0.00
2021-09-14,80.00,74.70,71.00,70.00,63.40,57.00,83.00,68.50,47.00,13.00,7.90,0.00,30.10,30.00,30.00,0.03
2021-09-15,88.00,79.40,73.00,70.00,68.00,64.00,85.00,69.30,48.00,15.00,8.30,0.00,30.00,29.90,29.90,0.00
2021-09-16,77.00,74.00,73.00,67.00,63.70,61.00,81.00,70.10,60.00,17.00,11.80,7.00,30.20,30.10,30.00,0.00
2021-09-17,75.00,72.70,70.00,69.00,66.70,65.00,87.00,81.50,73.00,17.00,12.70,7.00,30.20,30.20,30.10,0.00
2021-09-18,85.00,76.50,70.00,67.00,64.50,62.00,87.00,68.00,46.00,13.00,6.70,0.00,30.10,30.00,29.90,0.00
2021-09-19,77.00,72.30,67.00,62.00,52.60,49.00,68.00,51.00,37.00,18.00,7.80,0.00,30.20,30.10,30.00,0.00
2021-09-20,75.00,69.90,65.00,60.00,55.70,52.00,73.00,61.10,49.00,14.00,6.90,0.00,30.40,30.30,30.20,0.00
2021-09-21,76.00,71.00,64.00,67.00,60.80,54.00,84.00,70.70,57.00,14.00,8.40,3.00,30.40,30.30,30.20,0.00
2021-09-22,80.00,74.90,72.00,69.00,68.10,66.00,87.00,79.50,64.00,18.00,11.70,5.00,30.20,30.10,30.00,0.01
2021-09-23,83.00,75.00,66.00,69.00,66.50,60.00,90.00,75.40,58.00,25.00,14.10,5.00,30.00,29.90,29.90,0.00
2021-09-24,76.00,67.50,60.00,61.00,51.20,43.00,87.00,59.30,32.00,14.00,8.30,0.00,30.00,30.00,29.90,1.38
2021-09-25,76.00,69.70,63.00,55.00,51.10,47.00,72.00,52.80,36.00,9.00,4.80,0.00,30.00,30.00,29.90,0.00
2021-09-26,74.00,69.30,64.00,54.00,46.80,40.00,65.00,46.10,29.00,20.00,12.70,5.00,29.90,29.90,29.80,0.00
2021-09-27,81.00,72.90,65.00,52.00,46.50,43.00,48.00,39.50,28.00,24.00,12.90,5.00,30.00,29.90,29.80,0.00
2021-09-28,74.00,70.30,65.00,62.00,57.00,49.00,81.00,62.90,51.00,18.00,10.10,5.00,29.90,29.80,29.80,0.00
2021-09-29,70.00,63.70,57.00,47.00,42.60,39.00,62.00,47.10,36.00,15.00,10.40,3.00,30.00,29.90,29.90,0.10
2021-09-30,67.00,62.70,59.00,47.00,44.40,41.00,60.00,51.70,39.00,15.00,9.30,5.00,30.20,30.10,30.00,0.00
2021-10-01,69.00,62.10,54.00,46.00,42.70,39.00,66.00,50.30,35.00,12.00,7.60,3.00,30.20,30.20,30.20,0.00
2021-10-02,77.00,68.60,59.00,53.00,48.20,45.00,62.00,48.90,37.00,15.00,7.30,0.00,30.20,30.10,30.00,0.00
2021-10-03,80.00,72.00,63.00,66.00,57.20,50.00,78.00,61.50,35.00,10.00,5.50,0.00,30.00,29.90,29.90,0.00
2021-10-04,74.00,68.50,63.00,67.00,63.40,58.00,90.00,84.00,66.00,18.00,11.30,0.00,30.10,29.90,29.90,0.05
2021-10-05,65.00,63.00,61.00,58.00,56.00,55.00,84.00,78.10,72.00,14.00,8.40,5.00,30.30,30.20,30.10,0.06
2021-10-06,70.00,66.00,62.00,59.00,55.90,54.00,80.00,70.50,57.00,8.00,4.70,0.00,30.40,30.30,30.30,0.00
2021-10-07,76.00,69.00,64.00,61.00,58.80,55.00,87.00,70.80,50.00,8.00,4.00,0.00,30.30,30.20,30.10,0.00
2021-10-08,75.00,69.30,65.00,62.00,59.40,57.00,84.00,71.00,60.00,16.00,7.00,0.00,30.20,30.10,30.10,0.00
2021-10-09,70.00,65.00,62.00,57.00,55.30,53.00,80.00,71.00,61.00,20.00,13.70,9.00,30.20,30.20,30.20,0.00
2021-10-10,68.00,65.20,64.00,62.00,59.30,54.00,90.00,81.10,70.00,23.00,17.40,13.00,30.20,30.10,30.10,0.00
2021-10-11,73.00,67.50,64.00,59.00,57.30,56.00,78.00,70.10,57.00,21.00,13.60,5.00,30.10,30.10,30.00,0.11
2021-10-12,70.00,66.20,63.00,59.00,57.60,56.00,84.00,73.80,63.00,10.00,6.60,3.00,30.10,30.10,30.00,0.00
2021-10-13,70.00,68.10,65.00,62.00,59.40,57.00,81.00,74.00,68.00,8.00,4.20,0.00,30.00,30.00,29.90,0.00
2021-10-14,79.00,71.50,66.00,60.00,58.20,55.00,81.00,64.30,46.00,13.00,6.90,0.00,29.90,29.90,29.90,0.00
2021-10-15,82.00,72.70,67.00,61.00,58.80,54.00,79.00,62.80,42.00,13.00,4.60,0.00,29.90,29.90,29.80,0.00
2021-10-16,76.00,69.50,61.00,63.00,58.70,54.00,80.00,68.60,59.00,24.00,13.50,7.00,29.80,29.70,29.60,0.00
2021-10-17,64.00,59.10,56.00,50.00,43.80,39.00,67.00,57.50,40.00,20.00,15.10,10.00,29.80,29.80,29.70,0.16
2021-10-18,61.00,55.30,52.00,41.00,38.90,36.00,62.00,54.20,42.00,22.00,14.80,10.00,30.00,29.90,29.80,0.01
2021-10-19,68.00,59.90,51.00,41.00,37.70,33.00,61.00,45.60,27.00,17.00,13.50,10.00,30.00,29.90,29.90,0.00
2021-10-20,80.00,69.40,60.00,47.00,44.60,41.00,52.00,41.80,27.00,15.00,10.80,7.00,30.00,30.00,29.90,0.00
2021-10-21,77.00,69.10,62.00,58.00,50.30,45.00,70.00,52.40,32.00,16.00,9.00,0.00,30.00,29.90,29.80,0.00
2021-10-22,71.00,66.40,60.00,54.00,49.50,45.00,65.00,55.00,41.00,18.00,10.30,6.00,29.90,29.80,29.80,0.00
2021-10-23,61.00,56.40,52.00,46.00,41.40,37.00,65.00,57.30,47.00,13.00,8.10,3.00,30.00,29.90,29.90,0.00
2021-10-24,61.00,56.10,51.00,48.00,40.70,36.00,71.00,56.90,44.00,12.00,6.90,0.00,30.20,30.10,30.00,0.00
2021-10-25,74.00,66.70,58.00,64.00,60.00,50.00,88.00,79.30,61.00,14.00,7.70,0.00,30.10,29.90,29.70,0.05
2021-10-26,63.00,60.60,57.00,61.00,56.00,52.00,93.00,85.10,70.00,29.00,17.30,3.00,29.70,29.40,29.30,1.74
2021-10-27,62.00,58.30,56.00,52.00,47.30,40.00,83.00,67.60,55.00,25.00,16.40,9.00,29.90,29.60,29.40,1.26
2021-10-28,59.00,54.80,51.00,44.00,41.70,39.00,67.00,61.60,53.00,14.00,9.60,6.00,30.00,29.90,29.80,0.00
2021-10-29,58.00,54.40,49.00,50.00,43.80,40.00,86.00,67.90,58.00,28.00,17.40,9.00,29.90,29.80,29.60,0.00
2021-10-30,67.00,60.10,55.00,57.00,53.50,49.00,90.00,79.70,52.00,26.00,12.60,6.00,29.60,29.60,29.50,0.48
2021-10-31,66.00,61.10,57.00,55.00,50.70,46.00,87.00,69.80,50.00,16.00,10.00,0.00,29.80,29.60,29.40,0.08
2021-11-01,61.00,58.00,54.00,45.00,36.80,29.00,67.00,46.50,32.00,17.00,12.20,7.00,30.20,30.00,29.80,0.00
2021-11-02,55.00,52.40,48.00,36.00,32.30,26.00,61.00,46.80,34.00,14.00,7.70,0.00,30.20,30.20,30.10,0.00
2021-11-03,54.00,48.80,45.00,35.00,29.50,25.00,61.00,48.30,36.00,16.00,11.30,8.00,30.30,30.20,30.20,0.00
2021-11-04,52.00,47.40,42.00,29.00,25.30,21.00,60.00,43.40,31.00,9.00,7.00,5.00,30.40,30.30,30.20,0.00
2021-11-05,53.00,48.00,42.00,31.00,26.50,22.00,56.00,44.00,30.00,14.00,8.00,3.00,30.40,30.30,30.20,0.00
2021-11-06,54.00,48.90,44.00,34.00,29.30,24.00,61.00,47.70,31.00,8.00,5.30,0.00,30.40,30.40,30.30,0.00
2021-11-07,55.00,50.20,44.00,37.00,31.90,26.00,71.00,51.20,33.00,7.00,4.70,0.00,30.30,30.10,30.10,0.00
2021-11-08,65.00,56.80,49.00,44.00,37.00,31.00,67.00,48.20,37.00,15.00,6.10,0.00,30.10,30.10,30.00,0.00
2021-11-09,71.00,61.00,51.00,47.00,43.40,40.00,77.00,54.00,35.00,9.00,3.30,0.00,30.10,30.10,30.00,0.00
2021-11-10,65.00,60.20,54.00,51.00,38.80,26.00,81.00,47.30,25.00,18.00,8.30,0.00,30.20,30.10,29.90,0.00
2021-11-11,62.00,55.90,47.00,55.00,42.90,27.00,78.00,62.60,43.00,21.00,10.10,3.00,30.30,30.20,30.10,0.00
2021-11-12,68.00,63.30,56.00,61.00,51.90,30.00,84.00,68.80,31.00,23.00,14.40,5.00,30.10,29.90,29.80,0.00
2021-11-13,63.00,51.80,44.00,50.00,38.30,27.00,77.00,60.70,38.00,33.00,14.90,0.00,29.90,29.70,29.50,0.35
